FALSE,FALSE,FALSE,FALSE,FALSE,FALSE,FALSE,FALSE,FALSE,FALSE,FALSE,FALSE,FALSE,FALSE,FALSE,FALSE,FALSE,FALSE,FALSE,FALSE,FALSE,FALSE,FALSE,FALSE,FALSE,FALSE,FALSE,FALSE,FALSE,FALSE,FALSE,FALSE,FALSE,FALSE,FALSE,FALSE,FALSE,FALSE,FALSE,FALSE,FALSE,FALSE,FALSE,FALSE,FALSE,FALSE,FALSE,FALSE,FALSE,FALSE,FALSE,FALSE,FALSE,FALSE,FALSE,FALSE,FALSE,FALSE,FALSE,FALSE,FALSE,FALSE,FALSE,FALSE,FALSE,FALSE,FALSE,FALSE,FALSE,FALSE,FALSE,FALSE,FALSE,FALSE,FALSE,FALSE,FALSE,FALSE,FALSE,FALSE,FALSE,FALSE,FALSE,FALSE,FALSE,FALSE
FALSE,FALSE,FALSE,FALSE,FALSE,FALSE,FALSE,FALSE,FALSE,FALSE,FALSE,FALSE,FALSE,FALSE,FALSE,FALSE,FALSE,FALSE,FALSE,FALSE,FALSE,FALSE,FALSE,FALSE,FALSE,FALSE,FALSE,FALSE,FALSE,FALSE,FALSE,FALSE,FALSE,FALSE,FALSE,FALSE,FALSE,FALSE,FALSE,FALSE,FALSE,FALSE,FALSE,FALSE,FALSE,FALSE,FALSE,FALSE,FALSE,FALSE,FALSE,FALSE,FALSE,FALSE,FALSE,FALSE,FALSE,FALSE,FALSE,FALSE,FALSE,FALSE,FALSE,FALSE,FALSE,FALSE,FALSE,FALSE,FALSE,FALSE,FALSE,FALSE,1,1,1,1,1,1,1,1,1,1,1,1,1,1
61,61,61,61,61,61,61,61,61,61,61,61,61,FALSE,49,49,49,49,49,49,49,49,49,49,49,49,49,49,FALSE,37,37,37,37,37,37,37,37,37,37,37,37,37,37,FALSE,25,25,25,25,25,25,25,25,25,25,25,25,25,25,13,13,13,13,13,13,13,13,13,13,13,13,13,13,1,1,1,1,1,1,1,1,1,1,1,1,1,1
61,61,61,61,61,61,61,61,61,61,61,61,61,FALSE,49,49,49,49,49,49,49,49,49,49,49,49,49,49,FALSE,37,37,37,37,37,37,37,37,37,37,37,37,37,37,FALSE,25,25,25,25,25,25,25,25,25,25,25,25,25,25,13,13,13,13,13,13,13,13,13,13,13,13,13,13,1,1,1,1,1,1,1,1,1,1,1,1,1,1
61,61,61,61,61,61,61,61,61,61,61,61,61,FALSE,49,49,49,49,49,49,49,49,49,49,49,49,49,49,FALSE,37,37,37,37,37,37,37,37,37,37,37,37,37,37,FALSE,25,25,25,25,25,25,25,25,25,25,25,25,25,25,13,13,13,13,13,13,13,13,13,13,13,13,13,13,1,1,1,1,1,1,1,1,1,1,1,1,1,1
61,61,61,61,61,61,61,61,61,61,61,61,61,FALSE,49,49,49,49,49,49,49,49,49,49,49,49,49,49,FALSE,37,37,37,37,37,37,37,37,37,37,37,37,37,37,FALSE,25,25,25,25,25,25,25,25,25,25,25,25,25,25,13,13,13,13,13,13,13,13,13,13,13,13,13,13,1,1,1,1,1,1,1,1,1,1,1,1,1,1
61,61,61,61,61,61,61,61,61,61,61,61,61,FALSE,49,49,49,49,49,49,49,49,49,49,49,49,49,49,FALSE,37,37,37,37,37,37,37,37,37,37,37,37,37,37,FALSE,25,25,25,25,25,25,25,25,25,25,25,25,25,25,13,13,13,13,13,13,13,13,13,13,13,13,13,13,1,1,1,1,1,1,1,1,1,1,1,1,1,1
61,61,61,61,61,61,61,61,61,61,61,61,61,FALSE,49,49,49,49,49,49,49,49,49,49,49,49,49,49,FALSE,37,37,37,37,37,37,37,37,37,37,37,37,37,37,FALSE,25,25,25,25,25,25,25,25,25,25,25,25,25,25,13,13,13,13,13,13,13,13,13,13,13,13,13,13,1,1,1,1,1,1,1,1,1,1,1,1,1,1
61,61,61,61,61,61,61,61,61,61,61,61,61,FALSE,49,49,49,49,49,49,49,49,49,49,49,49,49,49,FALSE,37,37,37,37,37,37,37,37,37,37,37,37,37,37,FALSE,25,25,25,25,25,25,25,25,25,25,25,25,25,25,13,13,13,13,13,13,13,13,13,13,13,13,13,13,1,1,1,1,1,1,1,1,1,1,1,1,1,1
61,61,61,61,61,61,61,61,61,61,61,61,61,FALSE,49,49,49,49,49,49,49,49,49,49,49,49,49,49,FALSE,37,37,37,37,37,37,37,37,37,37,37,37,37,37,FALSE,25,25,25,25,25,25,25,25,25,25,25,25,25,25,13,13,13,13,13,13,13,13,13,13,13,13,13,13,1,1,1,1,1,1,1,1,1,1,1,1,1,1
61,61,61,61,61,61,61,61,61,61,61,61,61,FALSE,49,49,49,49,49,49,49,49,49,49,49,49,49,49,FALSE,37,37,37,37,37,37,37,37,37,37,37,37,37,37,FALSE,25,25,25,25,25,25,25,25,25,25,25,25,25,25,13,13,13,13,13,13,13,13,13,13,13,13,13,13,1,1,1,1,1,1,1,1,1,1,1,1,1,1
61,61,61,61,61,61,61,61,61,61,61,61,61,FALSE,49,49,49,49,49,49,49,49,49,49,49,49,49,49,FALSE,37,37,37,37,37,37,37,37,37,37,37,37,37,37,FALSE,25,25,25,25,25,25,25,25,25,25,25,25,25,25,13,13,13,13,13,13,13,13,13,13,13,13,13,13,1,1,1,1,1,1,1,1,1,1,1,1,1,1
61,61,61,61,61,61,61,61,61,61,61,61,61,FALSE,49,49,49,49,49,49,49,49,49,49,49,49,49,49,FALSE,37,37,37,37,37,37,37,37,37,37,37,37,37,37,FALSE,25,25,25,25,25,25,25,25,25,25,25,25,25,25,13,13,13,13,13,13,13,13,13,13,13,13,13,13,1,1,1,1,1,1,1,1,1,1,1,1,1,1
61,61,61,61,61,61,61,61,61,61,61,61,61,FALSE,49,49,49,49,49,49,49,49,49,49,49,49,49,49,FALSE,37,37,37,37,37,37,37,37,37,37,37,37,37,37,FALSE,25,25,25,25,25,25,25,25,25,25,25,25,25,25,13,13,13,13,13,13,13,13,13,13,13,13,13,13,1,1,1,1,1,1,1,1,1,1,1,1,1,1
61,61,61,61,61,61,61,61,61,61,61,61,61,FALSE,49,49,49,49,49,49,49,49,49,49,49,49,49,49,FALSE,37,37,37,37,37,37,37,37,37,37,37,37,37,37,FALSE,25,25,25,25,25,25,25,25,25,25,25,25,25,25,FALSE,FALSE,FALSE,FALSE,FALSE,FALSE,FALSE,FALSE,FALSE,FALSE,FALSE,FALSE,FALSE,FALSE,FALSE,FALSE,FALSE,FALSE,FALSE,FALSE,FALSE,FALSE,FALSE,FALSE,FALSE,FALSE,FALSE,FALSE
61,61,61,61,61,61,61,61,61,61,61,61,61,FALSE,49,49,49,49,49,49,49,49,49,49,49,49,49,49,FALSE,37,37,37,37,37,37,37,37,37,37,37,37,37,37,FALSE,25,25,25,25,25,25,25,25,25,25,25,25,25,25,FALSE,FALSE,FALSE,FALSE,FALSE,FALSE,FALSE,FALSE,FALSE,FALSE,FALSE,FALSE,FALSE,FALSE,FALSE,FALSE,FALSE,FALSE,FALSE,FALSE,FALSE,FALSE,FALSE,FALSE,FALSE,FALSE,FALSE,FALSE
61,61,61,61,61,61,61,61,61,61,61,61,61,FALSE,49,49,49,49,49,49,49,49,49,49,49,49,49,49,FALSE,37,37,37,37,37,37,37,37,37,37,37,37,37,37,FALSE,25,25,25,25,25,25,25,25,25,25,25,25,25,25,FALSE,FALSE,FALSE,FALSE,FALSE,FALSE,FALSE,FALSE,FALSE,FALSE,FALSE,FALSE,FALSE,FALSE,FALSE,FALSE,FALSE,FALSE,FALSE,FALSE,FALSE,FALSE,FALSE,FALSE,FALSE,FALSE,FALSE,FALSE
61,61,61,61,61,61,61,61,61,61,61,61,61,FALSE,49,49,49,49,49,49,49,49,49,49,49,49,49,49,FALSE,37,37,37,37,37,37,37,37,37,37,37,37,37,37,FALSE,25,25,25,25,25,25,25,25,25,25,25,25,25,25,FALSE,FALSE,FALSE,FALSE,FALSE,FALSE,FALSE,FALSE,FALSE,FALSE,FALSE,FALSE,FALSE,FALSE,FALSE,FALSE,FALSE,FALSE,FALSE,FALSE,FALSE,FALSE,FALSE,FALSE,FALSE,FALSE,FALSE,FALSE
61,61,61,61,61,61,61,61,61,61,61,61,61,FALSE,49,49,49,49,49,49,49,49,49,49,49,49,49,49,FALSE,37,37,37,37,37,37,37,37,37,37,37,37,37,37,FALSE,25,25,25,25,25,25,25,25,25,25,25,25,25,25,FALSE,FALSE,FALSE,FALSE,FALSE,FALSE,FALSE,FALSE,FALSE,FALSE,FALSE,FALSE,FALSE,FALSE,FALSE,FALSE,FALSE,FALSE,FALSE,FALSE,FALSE,FALSE,FALSE,FALSE,FALSE,FALSE,FALSE,FALSE
61,61,61,61,61,61,61,61,61,61,61,61,61,FALSE,49,49,49,49,49,49,49,49,49,49,49,49,49,49,FALSE,37,37,37,37,37,37,37,37,37,37,37,37,37,37,FALSE,25,25,25,25,25,25,25,25,25,25,25,25,25,25,FALSE,FALSE,FALSE,FALSE,FALSE,FALSE,FALSE,FALSE,FALSE,FALSE,FALSE,FALSE,FALSE,FALSE,FALSE,FALSE,FALSE,FALSE,FALSE,FALSE,FALSE,FALSE,FALSE,FALSE,FALSE,FALSE,FALSE,FALSE
61,61,61,61,61,61,61,61,61,61,61,61,61,FALSE,49,49,49,49,49,49,49,49,49,49,49,49,49,49,FALSE,37,37,37,37,37,37,37,37,37,37,37,37,37,37,FALSE,25,25,25,25,25,25,25,25,25,25,25,25,25,25,FALSE,FALSE,FALSE,FALSE,FALSE,FALSE,FALSE,FALSE,FALSE,FALSE,FALSE,FALSE,FALSE,FALSE,FALSE,FALSE,FALSE,FALSE,FALSE,FALSE,FALSE,FALSE,FALSE,FALSE,FALSE,FALSE,FALSE,FALSE
61,61,61,61,61,61,61,61,61,61,61,61,61,FALSE,49,49,49,49,49,49,49,49,49,49,49,49,49,49,FALSE,37,37,37,37,37,37,37,37,37,37,37,37,37,37,FALSE,25,25,25,25,25,25,25,25,25,25,25,25,25,25,14,14,14,14,14,14,14,14,14,14,14,14,14,14,FALSE,FALSE,FALSE,FALSE,FALSE,FALSE,FALSE,FALSE,FALSE,FALSE,FALSE,FALSE,FALSE,FALSE
61,61,61,61,61,61,61,61,61,61,61,61,61,FALSE,49,49,49,49,49,49,49,49,49,49,49,49,49,49,FALSE,37,37,37,37,37,37,37,37,37,37,37,37,37,37,FALSE,25,25,25,25,25,25,25,25,25,25,25,25,25,25,14,14,14,14,14,14,14,14,14,14,14,14,14,14,FALSE,FALSE,FALSE,FALSE,FALSE,FALSE,FALSE,FALSE,FALSE,FALSE,FALSE,FALSE,FALSE,FALSE
61,61,61,61,61,61,61,61,61,61,61,61,61,FALSE,49,49,49,49,49,49,49,49,49,49,49,49,49,49,FALSE,37,37,37,37,37,37,37,37,37,37,37,37,37,37,FALSE,25,25,25,25,25,25,25,25,25,25,25,25,25,25,14,14,14,14,14,14,14,14,14,14,14,14,14,14,FALSE,FALSE,FALSE,FALSE,FALSE,FALSE,FALSE,FALSE,FALSE,FALSE,FALSE,FALSE,FALSE,FALSE
FALSE,FALSE,FALSE,FALSE,FALSE,FALSE,FALSE,FALSE,FALSE,FALSE,FALSE,FALSE,FALSE,FALSE,49,49,49,49,49,49,49,49,49,49,49,49,49,49,FALSE,37,37,37,37,37,37,37,37,37,37,37,37,37,37,FALSE,FALSE,FALSE,FALSE,FALSE,FALSE,FALSE,FALSE,FALSE,FALSE,FALSE,FALSE,FALSE,FALSE,FALSE,14,14,14,14,14,14,14,14,14,14,14,14,14,14,FALSE,FALSE,FALSE,FALSE,FALSE,FALSE,FALSE,FALSE,FALSE,FALSE,FALSE,FALSE,FALSE,FALSE
FALSE,FALSE,FALSE,FALSE,FALSE,FALSE,FALSE,FALSE,FALSE,FALSE,FALSE,FALSE,FALSE,FALSE,49,49,49,49,49,49,49,49,49,49,49,49,49,49,FALSE,37,37,37,37,37,37,37,37,37,37,37,37,37,37,FALSE,FALSE,FALSE,FALSE,FALSE,FALSE,FALSE,FALSE,FALSE,FALSE,FALSE,FALSE,FALSE,FALSE,FALSE,14,14,14,14,14,14,14,14,14,14,14,14,14,14,FALSE,FALSE,FALSE,FALSE,FALSE,FALSE,FALSE,FALSE,FALSE,FALSE,FALSE,FALSE,FALSE,FALSE
FALSE,FALSE,FALSE,FALSE,FALSE,FALSE,FALSE,FALSE,FALSE,FALSE,FALSE,FALSE,FALSE,FALSE,49,49,49,49,49,49,49,49,49,49,49,49,49,49,FALSE,37,37,37,37,37,37,37,37,37,37,37,37,37,37,FALSE,FALSE,FALSE,FALSE,FALSE,FALSE,FALSE,FALSE,FALSE,FALSE,FALSE,FALSE,FALSE,FALSE,FALSE,14,14,14,14,14,14,14,14,14,14,14,14,14,14,FALSE,FALSE,FALSE,FALSE,FALSE,FALSE,FALSE,FALSE,FALSE,FALSE,FALSE,FALSE,FALSE,FALSE
FALSE,FALSE,FALSE,FALSE,FALSE,FALSE,FALSE,FALSE,FALSE,FALSE,FALSE,FALSE,FALSE,FALSE,49,49,49,49,49,49,49,49,49,49,49,49,49,49,FALSE,37,37,37,37,37,37,37,37,37,37,37,37,37,37,FALSE,FALSE,FALSE,FALSE,FALSE,FALSE,FALSE,FALSE,FALSE,FALSE,FALSE,FALSE,FALSE,FALSE,FALSE,14,14,14,14,14,14,14,14,14,14,14,14,14,14,FALSE,FALSE,FALSE,FALSE,FALSE,FALSE,FALSE,FALSE,FALSE,FALSE,FALSE,FALSE,FALSE,FALSE
FALSE,FALSE,FALSE,FALSE,FALSE,FALSE,FALSE,FALSE,FALSE,FALSE,FALSE,FALSE,FALSE,FALSE,49,49,49,49,49,49,49,49,49,49,49,49,49,49,FALSE,FALSE,FALSE,FALSE,FALSE,FALSE,FALSE,FALSE,FALSE,FALSE,FALSE,FALSE,FALSE,FALSE,FALSE,FALSE,FALSE,FALSE,FALSE,FALSE,FALSE,FALSE,FALSE,FALSE,FALSE,FALSE,FALSE,FALSE,FALSE,FALSE,14,14,14,14,14,14,14,14,14,14,14,14,14,14,FALSE,FALSE,FALSE,FALSE,FALSE,FALSE,FALSE,FALSE,FALSE,FALSE,FALSE,FALSE,FALSE,FALSE
FALSE,FALSE,FALSE,FALSE,FALSE,FALSE,FALSE,FALSE,FALSE,FALSE,FALSE,FALSE,FALSE,FALSE,49,49,49,49,49,49,49,49,49,49,49,49,49,49,FALSE,FALSE,FALSE,FALSE,FALSE,FALSE,FALSE,FALSE,FALSE,FALSE,FALSE,FALSE,FALSE,FALSE,FALSE,FALSE,FALSE,FALSE,FALSE,FALSE,FALSE,FALSE,FALSE,FALSE,FALSE,FALSE,FALSE,FALSE,FALSE,FALSE,14,14,14,14,14,14,14,14,14,14,14,14,14,14,FALSE,FALSE,FALSE,FALSE,FALSE,FALSE,FALSE,FALSE,FALSE,FALSE,FALSE,FALSE,FALSE,FALSE
62,62,62,62,62,62,62,62,62,62,62,62,62,FALSE,49,49,49,49,49,49,49,49,49,49,49,49,49,49,FALSE,FALSE,FALSE,FALSE,FALSE,FALSE,FALSE,FALSE,FALSE,FALSE,FALSE,FALSE,FALSE,FALSE,FALSE,26,26,26,26,26,26,26,26,26,26,26,26,26,26,26,14,14,14,14,14,14,14,14,14,14,14,14,14,14,FALSE,FALSE,FALSE,FALSE,FALSE,FALSE,FALSE,FALSE,FALSE,FALSE,FALSE,FALSE,FALSE,FALSE
62,62,62,62,62,62,62,62,62,62,62,62,62,FALSE,49,49,49,49,49,49,49,49,49,49,49,49,49,49,FALSE,FALSE,FALSE,FALSE,FALSE,FALSE,FALSE,FALSE,FALSE,FALSE,FALSE,FALSE,FALSE,FALSE,FALSE,26,26,26,26,26,26,26,26,26,26,26,26,26,26,26,14,14,14,14,14,14,14,14,14,14,14,14,14,14,FALSE,FALSE,FALSE,FALSE,FALSE,FALSE,FALSE,FALSE,FALSE,FALSE,FALSE,FALSE,FALSE,FALSE
62,62,62,62,62,62,62,62,62,62,62,62,62,FALSE,49,49,49,49,49,49,49,49,49,49,49,49,49,49,FALSE,FALSE,FALSE,FALSE,FALSE,FALSE,FALSE,FALSE,FALSE,FALSE,FALSE,FALSE,FALSE,FALSE,FALSE,26,26,26,26,26,26,26,26,26,26,26,26,26,26,26,14,14,14,14,14,14,14,14,14,14,14,14,14,14,FALSE,FALSE,FALSE,FALSE,FALSE,FALSE,FALSE,FALSE,FALSE,FALSE,FALSE,FALSE,FALSE,FALSE
62,62,62,62,62,62,62,62,62,62,62,62,62,FALSE,49,49,49,49,49,49,49,49,49,49,49,49,49,49,FALSE,FALSE,FALSE,FALSE,FALSE,FALSE,FALSE,FALSE,FALSE,FALSE,FALSE,FALSE,FALSE,FALSE,FALSE,26,26,26,26,26,26,26,26,26,26,26,26,26,26,26,FALSE,FALSE,FALSE,FALSE,FALSE,FALSE,FALSE,FALSE,FALSE,FALSE,FALSE,FALSE,FALSE,FALSE,FALSE,FALSE,FALSE,FALSE,FALSE,FALSE,FALSE,FALSE,FALSE,FALSE,FALSE,FALSE,FALSE,FALSE
62,62,62,62,62,62,62,62,62,62,62,62,62,FALSE,49,49,49,49,49,49,49,49,49,49,49,49,49,49,FALSE,FALSE,FALSE,FALSE,FALSE,FALSE,FALSE,FALSE,FALSE,FALSE,FALSE,FALSE,FALSE,FALSE,FALSE,26,26,26,26,26,26,26,26,26,26,26,26,26,26,26,FALSE,FALSE,FALSE,FALSE,FALSE,FALSE,FALSE,FALSE,FALSE,FALSE,FALSE,FALSE,FALSE,FALSE,2,2,2,2,2,2,2,2,2,2,2,2,2,2
62,62,62,62,62,62,62,62,62,62,62,62,62,FALSE,49,49,49,49,49,49,49,49,49,49,49,49,49,49,38,38,38,38,38,38,38,38,38,38,38,38,38,38,38,26,26,26,26,26,26,26,26,26,26,26,26,26,26,26,FALSE,FALSE,FALSE,FALSE,FALSE,FALSE,FALSE,FALSE,FALSE,FALSE,FALSE,FALSE,FALSE,FALSE,2,2,2,2,2,2,2,2,2,2,2,2,2,2
62,62,62,62,62,62,62,62,62,62,62,62,62,FALSE,49,49,49,49,49,49,49,49,49,49,49,49,49,49,38,38,38,38,38,38,38,38,38,38,38,38,38,38,38,26,26,26,26,26,26,26,26,26,26,26,26,26,26,26,FALSE,FALSE,FALSE,FALSE,FALSE,FALSE,FALSE,FALSE,FALSE,FALSE,FALSE,FALSE,FALSE,FALSE,2,2,2,2,2,2,2,2,2,2,2,2,2,2
62,62,62,62,62,62,62,62,62,62,62,62,62,FALSE,49,49,49,49,49,49,49,49,49,49,49,49,49,49,38,38,38,38,38,38,38,38,38,38,38,38,38,38,38,26,26,26,26,26,26,26,26,26,26,26,26,26,26,26,FALSE,FALSE,FALSE,FALSE,FALSE,FALSE,FALSE,FALSE,FALSE,FALSE,FALSE,FALSE,FALSE,FALSE,2,2,2,2,2,2,2,2,2,2,2,2,2,2
62,62,62,62,62,62,62,62,62,62,62,62,62,FALSE,FALSE,FALSE,FALSE,FALSE,FALSE,FALSE,FALSE,FALSE,FALSE,FALSE,FALSE,FALSE,FALSE,FALSE,38,38,38,38,38,38,38,38,38,38,38,38,38,38,38,26,26,26,26,26,26,26,26,26,26,26,26,26,26,26,FALSE,FALSE,FALSE,FALSE,FALSE,FALSE,FALSE,FALSE,FALSE,FALSE,FALSE,FALSE,FALSE,FALSE,2,2,2,2,2,2,2,2,2,2,2,2,2,2
62,62,62,62,62,62,62,62,62,62,62,62,62,FALSE,FALSE,FALSE,FALSE,FALSE,FALSE,FALSE,FALSE,FALSE,FALSE,FALSE,FALSE,FALSE,FALSE,FALSE,38,38,38,38,38,38,38,38,38,38,38,38,38,38,38,26,26,26,26,26,26,26,26,26,26,26,26,26,26,26,FALSE,FALSE,FALSE,FALSE,FALSE,FALSE,FALSE,FALSE,FALSE,FALSE,FALSE,FALSE,FALSE,FALSE,2,2,2,2,2,2,2,2,2,2,2,2,2,2
62,62,62,62,62,62,62,62,62,62,62,62,62,FALSE,FALSE,FALSE,FALSE,FALSE,FALSE,FALSE,FALSE,FALSE,FALSE,FALSE,FALSE,FALSE,FALSE,FALSE,38,38,38,38,38,38,38,38,38,38,38,38,38,38,38,26,26,26,26,26,26,26,26,26,26,26,26,26,26,26,15,15,15,15,15,15,15,15,15,15,15,15,15,15,2,2,2,2,2,2,2,2,2,2,2,2,2,2
62,62,62,62,62,62,62,62,62,62,62,62,62,FALSE,FALSE,FALSE,FALSE,FALSE,FALSE,FALSE,FALSE,FALSE,FALSE,FALSE,FALSE,FALSE,FALSE,FALSE,38,38,38,38,38,38,38,38,38,38,38,38,38,38,38,26,26,26,26,26,26,26,26,26,26,26,26,26,26,26,15,15,15,15,15,15,15,15,15,15,15,15,15,15,2,2,2,2,2,2,2,2,2,2,2,2,2,2
62,62,62,62,62,62,62,62,62,62,62,62,62,FALSE,FALSE,FALSE,FALSE,FALSE,FALSE,FALSE,FALSE,FALSE,FALSE,FALSE,FALSE,FALSE,FALSE,FALSE,38,38,38,38,38,38,38,38,38,38,38,38,38,38,38,FALSE,FALSE,FALSE,FALSE,FALSE,FALSE,FALSE,FALSE,FALSE,FALSE,FALSE,FALSE,FALSE,FALSE,FALSE,15,15,15,15,15,15,15,15,15,15,15,15,15,15,2,2,2,2,2,2,2,2,2,2,2,2,2,2
FALSE,FALSE,FALSE,FALSE,FALSE,FALSE,FALSE,FALSE,FALSE,FALSE,FALSE,FALSE,FALSE,FALSE,FALSE,FALSE,FALSE,FALSE,FALSE,FALSE,FALSE,FALSE,FALSE,FALSE,FALSE,FALSE,FALSE,FALSE,38,38,38,38,38,38,38,38,38,38,38,38,38,38,38,FALSE,FALSE,FALSE,FALSE,FALSE,FALSE,FALSE,FALSE,FALSE,FALSE,FALSE,FALSE,FALSE,FALSE,FALSE,15,15,15,15,15,15,15,15,15,15,15,15,15,15,2,2,2,2,2,2,2,2,2,2,2,2,2,2
FALSE,FALSE,FALSE,FALSE,FALSE,FALSE,FALSE,FALSE,FALSE,FALSE,FALSE,FALSE,FALSE,FALSE,FALSE,FALSE,FALSE,FALSE,FALSE,FALSE,FALSE,FALSE,FALSE,FALSE,FALSE,FALSE,FALSE,FALSE,38,38,38,38,38,38,38,38,38,38,38,38,38,38,38,FALSE,FALSE,FALSE,FALSE,FALSE,FALSE,FALSE,FALSE,FALSE,FALSE,FALSE,FALSE,FALSE,FALSE,FALSE,15,15,15,15,15,15,15,15,15,15,15,15,15,15,2,2,2,2,2,2,2,2,2,2,2,2,2,2
FALSE,FALSE,FALSE,FALSE,FALSE,FALSE,FALSE,FALSE,FALSE,FALSE,FALSE,FALSE,FALSE,51,51,51,51,51,51,51,51,51,51,51,51,51,51,FALSE,38,38,38,38,38,38,38,38,38,38,38,38,38,38,38,FALSE,FALSE,FALSE,FALSE,FALSE,FALSE,FALSE,FALSE,FALSE,FALSE,FALSE,FALSE,FALSE,FALSE,FALSE,15,15,15,15,15,15,15,15,15,15,15,15,15,15,2,2,2,2,2,2,2,2,2,2,2,2,2,2
FALSE,FALSE,FALSE,FALSE,FALSE,FALSE,FALSE,FALSE,FALSE,FALSE,FALSE,FALSE,FALSE,51,51,51,51,51,51,51,51,51,51,51,51,51,51,FALSE,38,38,38,38,38,38,38,38,38,38,38,38,38,38,38,FALSE,FALSE,FALSE,FALSE,FALSE,FALSE,FALSE,FALSE,FALSE,FALSE,FALSE,FALSE,FALSE,FALSE,FALSE,15,15,15,15,15,15,15,15,15,15,15,15,15,15,FALSE,FALSE,FALSE,FALSE,FALSE,FALSE,FALSE,FALSE,FALSE,FALSE,FALSE,FALSE,FALSE,FALSE
FALSE,FALSE,FALSE,FALSE,FALSE,FALSE,FALSE,FALSE,FALSE,FALSE,FALSE,FALSE,FALSE,51,51,51,51,51,51,51,51,51,51,51,51,51,51,FALSE,FALSE,FALSE,FALSE,FALSE,FALSE,FALSE,FALSE,FALSE,FALSE,FALSE,FALSE,FALSE,FALSE,FALSE,FALSE,FALSE,FALSE,FALSE,FALSE,FALSE,FALSE,FALSE,FALSE,FALSE,FALSE,FALSE,FALSE,FALSE,FALSE,FALSE,15,15,15,15,15,15,15,15,15,15,15,15,15,15,FALSE,FALSE,FALSE,FALSE,FALSE,FALSE,FALSE,FALSE,FALSE,FALSE,FALSE,FALSE,FALSE,FALSE
FALSE,FALSE,FALSE,FALSE,FALSE,FALSE,FALSE,FALSE,FALSE,FALSE,FALSE,FALSE,FALSE,51,51,51,51,51,51,51,51,51,51,51,51,51,51,FALSE,FALSE,FALSE,FALSE,FALSE,FALSE,FALSE,FALSE,FALSE,FALSE,FALSE,FALSE,FALSE,FALSE,FALSE,FALSE,FALSE,FALSE,FALSE,FALSE,FALSE,FALSE,FALSE,FALSE,FALSE,FALSE,FALSE,FALSE,FALSE,FALSE,FALSE,15,15,15,15,15,15,15,15,15,15,15,15,15,15,FALSE,FALSE,FALSE,FALSE,FALSE,FALSE,FALSE,FALSE,FALSE,FALSE,FALSE,FALSE,FALSE,FALSE
63,63,63,63,63,63,63,63,63,63,63,63,63,51,51,51,51,51,51,51,51,51,51,51,51,51,51,FALSE,FALSE,FALSE,FALSE,FALSE,FALSE,FALSE,FALSE,FALSE,FALSE,FALSE,FALSE,FALSE,FALSE,FALSE,FALSE,27,27,27,27,27,27,27,27,27,27,27,27,27,27,27,15,15,15,15,15,15,15,15,15,15,15,15,15,15,FALSE,FALSE,FALSE,FALSE,FALSE,FALSE,FALSE,FALSE,FALSE,FALSE,FALSE,FALSE,FALSE,FALSE
63,63,63,63,63,63,63,63,63,63,63,63,63,51,51,51,51,51,51,51,51,51,51,51,51,51,51,FALSE,FALSE,FALSE,FALSE,FALSE,FALSE,FALSE,FALSE,FALSE,FALSE,FALSE,FALSE,FALSE,FALSE,FALSE,FALSE,27,27,27,27,27,27,27,27,27,27,27,27,27,27,27,15,15,15,15,15,15,15,15,15,15,15,15,15,15,FALSE,FALSE,FALSE,FALSE,FALSE,FALSE,FALSE,FALSE,FALSE,FALSE,FALSE,FALSE,FALSE,FALSE
63,63,63,63,63,63,63,63,63,63,63,63,63,51,51,51,51,51,51,51,51,51,51,51,51,51,51,FALSE,FALSE,FALSE,FALSE,FALSE,FALSE,FALSE,FALSE,FALSE,FALSE,FALSE,FALSE,FALSE,FALSE,FALSE,FALSE,27,27,27,27,27,27,27,27,27,27,27,27,27,27,27,15,15,15,15,15,15,15,15,15,15,15,15,15,15,FALSE,FALSE,FALSE,FALSE,FALSE,FALSE,FALSE,FALSE,FALSE,FALSE,FALSE,FALSE,FALSE,FALSE
63,63,63,63,63,63,63,63,63,63,63,63,63,51,51,51,51,51,51,51,51,51,51,51,51,51,51,FALSE,FALSE,FALSE,FALSE,FALSE,FALSE,FALSE,FALSE,FALSE,FALSE,FALSE,FALSE,FALSE,FALSE,FALSE,FALSE,27,27,27,27,27,27,27,27,27,27,27,27,27,27,27,FALSE,FALSE,FALSE,FALSE,FALSE,FALSE,FALSE,FALSE,FALSE,FALSE,FALSE,FALSE,FALSE,FALSE,3,3,3,3,3,3,3,3,3,3,3,3,3,3
63,63,63,63,63,63,63,63,63,63,63,63,63,51,51,51,51,51,51,51,51,51,51,51,51,51,51,FALSE,FALSE,FALSE,FALSE,FALSE,FALSE,FALSE,FALSE,FALSE,FALSE,FALSE,FALSE,FALSE,FALSE,FALSE,FALSE,27,27,27,27,27,27,27,27,27,27,27,27,27,27,27,FALSE,FALSE,FALSE,FALSE,FALSE,FALSE,FALSE,FALSE,FALSE,FALSE,FALSE,FALSE,FALSE,FALSE,3,3,3,3,3,3,3,3,3,3,3,3,3,3
63,63,63,63,63,63,63,63,63,63,63,63,63,51,51,51,51,51,51,51,51,51,51,51,51,51,51,FALSE,39,39,39,39,39,39,39,39,39,39,39,39,39,39,39,27,27,27,27,27,27,27,27,27,27,27,27,27,27,27,FALSE,FALSE,FALSE,FALSE,FALSE,FALSE,FALSE,FALSE,FALSE,FALSE,FALSE,FALSE,FALSE,FALSE,3,3,3,3,3,3,3,3,3,3,3,3,3,3
63,63,63,63,63,63,63,63,63,63,63,63,63,51,51,51,51,51,51,51,51,51,51,51,51,51,51,FALSE,39,39,39,39,39,39,39,39,39,39,39,39,39,39,39,27,27,27,27,27,27,27,27,27,27,27,27,27,27,27,FALSE,FALSE,FALSE,FALSE,FALSE,FALSE,FALSE,FALSE,FALSE,FALSE,FALSE,FALSE,FALSE,FALSE,3,3,3,3,3,3,3,3,3,3,3,3,3,3
63,63,63,63,63,63,63,63,63,63,63,63,63,51,51,51,51,51,51,51,51,51,51,51,51,51,51,FALSE,39,39,39,39,39,39,39,39,39,39,39,39,39,39,39,27,27,27,27,27,27,27,27,27,27,27,27,27,27,27,FALSE,FALSE,FALSE,FALSE,FALSE,FALSE,FALSE,FALSE,FALSE,FALSE,FALSE,FALSE,FALSE,FALSE,3,3,3,3,3,3,3,3,3,3,3,3,3,3
63,63,63,63,63,63,63,63,63,63,63,63,63,FALSE,FALSE,FALSE,FALSE,FALSE,FALSE,FALSE,FALSE,FALSE,FALSE,FALSE,FALSE,FALSE,FALSE,FALSE,39,39,39,39,39,39,39,39,39,39,39,39,39,39,39,27,27,27,27,27,27,27,27,27,27,27,27,27,27,27,FALSE,FALSE,FALSE,FALSE,FALSE,FALSE,FALSE,FALSE,FALSE,FALSE,FALSE,FALSE,FALSE,FALSE,3,3,3,3,3,3,3,3,3,3,3,3,3,3
63,63,63,63,63,63,63,63,63,63,63,63,63,FALSE,FALSE,FALSE,FALSE,FALSE,FALSE,FALSE,FALSE,FALSE,FALSE,FALSE,FALSE,FALSE,FALSE,FALSE,39,39,39,39,39,39,39,39,39,39,39,39,39,39,39,27,27,27,27,27,27,27,27,27,27,27,27,27,27,27,FALSE,FALSE,FALSE,FALSE,FALSE,FALSE,FALSE,FALSE,FALSE,FALSE,FALSE,FALSE,FALSE,FALSE,3,3,3,3,3,3,3,3,3,3,3,3,3,3
63,63,63,63,63,63,63,63,63,63,63,63,63,FALSE,FALSE,FALSE,FALSE,FALSE,FALSE,FALSE,FALSE,FALSE,FALSE,FALSE,FALSE,FALSE,FALSE,FALSE,39,39,39,39,39,39,39,39,39,39,39,39,39,39,39,27,27,27,27,27,27,27,27,27,27,27,27,27,27,27,16,16,16,16,16,16,16,16,16,16,16,16,16,16,3,3,3,3,3,3,3,3,3,3,3,3,3,3
63,63,63,63,63,63,63,63,63,63,63,63,63,FALSE,FALSE,FALSE,FALSE,FALSE,FALSE,FALSE,FALSE,FALSE,FALSE,FALSE,FALSE,FALSE,FALSE,FALSE,39,39,39,39,39,39,39,39,39,39,39,39,39,39,39,27,27,27,27,27,27,27,27,27,27,27,27,27,27,27,16,16,16,16,16,16,16,16,16,16,16,16,16,16,3,3,3,3,3,3,3,3,3,3,3,3,3,3
63,63,63,63,63,63,63,63,63,63,63,63,63,FALSE,FALSE,FALSE,FALSE,FALSE,FALSE,FALSE,FALSE,FALSE,FALSE,FALSE,FALSE,FALSE,FALSE,FALSE,39,39,39,39,39,39,39,39,39,39,39,39,39,39,39,FALSE,FALSE,FALSE,FALSE,FALSE,FALSE,FALSE,FALSE,FALSE,FALSE,FALSE,FALSE,FALSE,FALSE,FALSE,16,16,16,16,16,16,16,16,16,16,16,16,16,16,3,3,3,3,3,3,3,3,3,3,3,3,3,3
63,63,63,63,63,63,63,63,63,63,63,63,63,FALSE,FALSE,FALSE,FALSE,FALSE,FALSE,FALSE,FALSE,FALSE,FALSE,FALSE,FALSE,FALSE,FALSE,FALSE,39,39,39,39,39,39,39,39,39,39,39,39,39,39,39,FALSE,FALSE,FALSE,FALSE,FALSE,FALSE,FALSE,FALSE,FALSE,FALSE,FALSE,FALSE,FALSE,FALSE,FALSE,16,16,16,16,16,16,16,16,16,16,16,16,16,16,3,3,3,3,3,3,3,3,3,3,3,3,3,3
63,63,63,63,63,63,63,63,63,63,63,63,63,52,52,52,52,52,52,52,52,52,52,52,52,52,52,FALSE,39,39,39,39,39,39,39,39,39,39,39,39,39,39,39,FALSE,FALSE,FALSE,FALSE,FALSE,FALSE,FALSE,FALSE,FALSE,FALSE,FALSE,FALSE,FALSE,FALSE,FALSE,16,16,16,16,16,16,16,16,16,16,16,16,16,16,3,3,3,3,3,3,3,3,3,3,3,3,3,3
63,63,63,63,63,63,63,63,63,63,63,63,63,52,52,52,52,52,52,52,52,52,52,52,52,52,52,FALSE,39,39,39,39,39,39,39,39,39,39,39,39,39,39,39,FALSE,FALSE,FALSE,FALSE,FALSE,FALSE,FALSE,FALSE,FALSE,FALSE,FALSE,FALSE,FALSE,FALSE,FALSE,16,16,16,16,16,16,16,16,16,16,16,16,16,16,FALSE,FALSE,FALSE,FALSE,FALSE,FALSE,FALSE,FALSE,FALSE,FALSE,FALSE,FALSE,FALSE,FALSE
63,63,63,63,63,63,63,63,63,63,63,63,63,52,52,52,52,52,52,52,52,52,52,52,52,52,52,FALSE,39,39,39,39,39,39,39,39,39,39,39,39,39,39,39,FALSE,FALSE,FALSE,FALSE,FALSE,FALSE,FALSE,FALSE,FALSE,FALSE,FALSE,FALSE,FALSE,FALSE,FALSE,16,16,16,16,16,16,16,16,16,16,16,16,16,16,FALSE,FALSE,FALSE,FALSE,FALSE,FALSE,FALSE,FALSE,FALSE,FALSE,FALSE,FALSE,FALSE,FALSE
FALSE,FALSE,FALSE,FALSE,FALSE,FALSE,FALSE,FALSE,FALSE,FALSE,FALSE,FALSE,FALSE,52,52,52,52,52,52,52,52,52,52,52,52,52,52,FALSE,FALSE,FALSE,FALSE,FALSE,FALSE,FALSE,FALSE,FALSE,FALSE,FALSE,FALSE,FALSE,FALSE,FALSE,FALSE,FALSE,FALSE,FALSE,FALSE,FALSE,FALSE,FALSE,FALSE,FALSE,FALSE,FALSE,FALSE,FALSE,FALSE,FALSE,16,16,16,16,16,16,16,16,16,16,16,16,16,16,FALSE,FALSE,FALSE,FALSE,FALSE,FALSE,FALSE,FALSE,FALSE,FALSE,FALSE,FALSE,FALSE,FALSE
FALSE,FALSE,FALSE,FALSE,FALSE,FALSE,FALSE,FALSE,FALSE,FALSE,FALSE,FALSE,FALSE,52,52,52,52,52,52,52,52,52,52,52,52,52,52,FALSE,FALSE,FALSE,FALSE,FALSE,FALSE,FALSE,FALSE,FALSE,FALSE,FALSE,FALSE,FALSE,FALSE,FALSE,FALSE,FALSE,FALSE,FALSE,FALSE,FALSE,FALSE,FALSE,FALSE,FALSE,FALSE,FALSE,FALSE,FALSE,FALSE,FALSE,16,16,16,16,16,16,16,16,16,16,16,16,16,16,FALSE,FALSE,FALSE,FALSE,FALSE,FALSE,FALSE,FALSE,FALSE,FALSE,FALSE,FALSE,FALSE,FALSE
FALSE,FALSE,FALSE,FALSE,FALSE,FALSE,FALSE,FALSE,FALSE,FALSE,FALSE,FALSE,FALSE,52,52,52,52,52,52,52,52,52,52,52,52,52,52,FALSE,FALSE,FALSE,FALSE,FALSE,FALSE,FALSE,FALSE,FALSE,FALSE,FALSE,FALSE,FALSE,FALSE,FALSE,FALSE,28,28,28,28,28,28,28,28,28,28,28,28,28,28,28,16,16,16,16,16,16,16,16,16,16,16,16,16,16,FALSE,FALSE,FALSE,FALSE,FALSE,FALSE,FALSE,FALSE,FALSE,FALSE,FALSE,FALSE,FALSE,FALSE
FALSE,FALSE,FALSE,FALSE,FALSE,FALSE,FALSE,FALSE,FALSE,FALSE,FALSE,FALSE,FALSE,52,52,52,52,52,52,52,52,52,52,52,52,52,52,FALSE,FALSE,FALSE,FALSE,FALSE,FALSE,FALSE,FALSE,FALSE,FALSE,FALSE,FALSE,FALSE,FALSE,FALSE,FALSE,28,28,28,28,28,28,28,28,28,28,28,28,28,28,28,16,16,16,16,16,16,16,16,16,16,16,16,16,16,FALSE,FALSE,FALSE,FALSE,FALSE,FALSE,FALSE,FALSE,FALSE,FALSE,FALSE,FALSE,FALSE,FALSE
FALSE,FALSE,FALSE,FALSE,FALSE,FALSE,FALSE,FALSE,FALSE,FALSE,FALSE,FALSE,FALSE,52,52,52,52,52,52,52,52,52,52,52,52,52,52,FALSE,FALSE,FALSE,FALSE,FALSE,FALSE,FALSE,FALSE,FALSE,FALSE,FALSE,FALSE,FALSE,FALSE,FALSE,FALSE,28,28,28,28,28,28,28,28,28,28,28,28,28,28,28,16,16,16,16,16,16,16,16,16,16,16,16,16,16,FALSE,FALSE,FALSE,FALSE,FALSE,FALSE,FALSE,FALSE,FALSE,FALSE,FALSE,FALSE,FALSE,FALSE
FALSE,FALSE,FALSE,FALSE,FALSE,FALSE,FALSE,FALSE,FALSE,FALSE,FALSE,FALSE,FALSE,52,52,52,52,52,52,52,52,52,52,52,52,52,52,FALSE,FALSE,FALSE,FALSE,FALSE,FALSE,FALSE,FALSE,FALSE,FALSE,FALSE,FALSE,FALSE,FALSE,FALSE,FALSE,28,28,28,28,28,28,28,28,28,28,28,28,28,28,28,FALSE,FALSE,FALSE,FALSE,FALSE,FALSE,FALSE,FALSE,FALSE,FALSE,FALSE,FALSE,FALSE,FALSE,4,4,4,4,4,4,4,4,4,4,4,4,4,4
FALSE,FALSE,FALSE,FALSE,FALSE,FALSE,FALSE,FALSE,FALSE,FALSE,FALSE,FALSE,FALSE,52,52,52,52,52,52,52,52,52,52,52,52,52,52,FALSE,FALSE,FALSE,FALSE,FALSE,FALSE,FALSE,FALSE,FALSE,FALSE,FALSE,FALSE,FALSE,FALSE,FALSE,FALSE,28,28,28,28,28,28,28,28,28,28,28,28,28,28,28,FALSE,FALSE,FALSE,FALSE,FALSE,FALSE,FALSE,FALSE,FALSE,FALSE,FALSE,FALSE,FALSE,FALSE,4,4,4,4,4,4,4,4,4,4,4,4,4,4
FALSE,FALSE,FALSE,FALSE,FALSE,FALSE,FALSE,FALSE,FALSE,FALSE,FALSE,FALSE,FALSE,52,52,52,52,52,52,52,52,52,52,52,52,52,52,FALSE,40,40,40,40,40,40,40,40,40,40,40,40,40,40,40,28,28,28,28,28,28,28,28,28,28,28,28,28,28,28,FALSE,FALSE,FALSE,FALSE,FALSE,FALSE,FALSE,FALSE,FALSE,FALSE,FALSE,FALSE,FALSE,FALSE,4,4,4,4,4,4,4,4,4,4,4,4,4,4
FALSE,FALSE,FALSE,FALSE,FALSE,FALSE,FALSE,FALSE,FALSE,FALSE,FALSE,FALSE,FALSE,52,52,52,52,52,52,52,52,52,52,52,52,52,52,FALSE,40,40,40,40,40,40,40,40,40,40,40,40,40,40,40,28,28,28,28,28,28,28,28,28,28,28,28,28,28,28,FALSE,FALSE,FALSE,FALSE,FALSE,FALSE,FALSE,FALSE,FALSE,FALSE,FALSE,FALSE,FALSE,FALSE,4,4,4,4,4,4,4,4,4,4,4,4,4,4
FALSE,FALSE,FALSE,FALSE,FALSE,FALSE,FALSE,FALSE,FALSE,FALSE,FALSE,FALSE,FALSE,FALSE,FALSE,FALSE,FALSE,FALSE,FALSE,FALSE,FALSE,FALSE,FALSE,FALSE,FALSE,FALSE,FALSE,FALSE,40,40,40,40,40,40,40,40,40,40,40,40,40,40,40,28,28,28,28,28,28,28,28,28,28,28,28,28,28,28,FALSE,FALSE,FALSE,FALSE,FALSE,FALSE,FALSE,FALSE,FALSE,FALSE,FALSE,FALSE,FALSE,FALSE,4,4,4,4,4,4,4,4,4,4,4,4,4,4
FALSE,FALSE,FALSE,FALSE,FALSE,FALSE,FALSE,FALSE,FALSE,FALSE,FALSE,FALSE,FALSE,FALSE,FALSE,FALSE,FALSE,FALSE,FALSE,FALSE,FALSE,FALSE,FALSE,FALSE,FALSE,FALSE,FALSE,FALSE,40,40,40,40,40,40,40,40,40,40,40,40,40,40,40,28,28,28,28,28,28,28,28,28,28,28,28,28,28,28,FALSE,FALSE,FALSE,FALSE,FALSE,FALSE,FALSE,FALSE,FALSE,FALSE,FALSE,FALSE,FALSE,FALSE,4,4,4,4,4,4,4,4,4,4,4,4,4,4
FALSE,FALSE,FALSE,FALSE,FALSE,FALSE,FALSE,FALSE,FALSE,FALSE,FALSE,FALSE,FALSE,FALSE,FALSE,FALSE,FALSE,FALSE,FALSE,FALSE,FALSE,FALSE,FALSE,FALSE,FALSE,FALSE,FALSE,FALSE,40,40,40,40,40,40,40,40,40,40,40,40,40,40,40,28,28,28,28,28,28,28,28,28,28,28,28,28,28,28,FALSE,FALSE,FALSE,FALSE,FALSE,FALSE,FALSE,FALSE,FALSE,FALSE,FALSE,FALSE,FALSE,FALSE,4,4,4,4,4,4,4,4,4,4,4,4,4,4
FALSE,FALSE,FALSE,FALSE,FALSE,FALSE,FALSE,FALSE,FALSE,FALSE,FALSE,FALSE,FALSE,FALSE,FALSE,FALSE,FALSE,FALSE,FALSE,FALSE,FALSE,FALSE,FALSE,FALSE,FALSE,FALSE,FALSE,FALSE,40,40,40,40,40,40,40,40,40,40,40,40,40,40,40,28,28,28,28,28,28,28,28,28,28,28,28,28,28,28,17,17,17,17,17,17,17,17,17,17,17,17,17,17,4,4,4,4,4,4,4,4,4,4,4,4,4,4
FALSE,FALSE,FALSE,FALSE,FALSE,FALSE,FALSE,FALSE,FALSE,FALSE,FALSE,FALSE,FALSE,FALSE,FALSE,FALSE,FALSE,FALSE,FALSE,FALSE,FALSE,FALSE,FALSE,FALSE,FALSE,FALSE,FALSE,FALSE,40,40,40,40,40,40,40,40,40,40,40,40,40,40,40,28,28,28,28,28,28,28,28,28,28,28,28,28,28,28,17,17,17,17,17,17,17,17,17,17,17,17,17,17,4,4,4,4,4,4,4,4,4,4,4,4,4,4
FALSE,FALSE,FALSE,FALSE,FALSE,FALSE,FALSE,FALSE,FALSE,FALSE,FALSE,FALSE,FALSE,FALSE,FALSE,FALSE,FALSE,FALSE,FALSE,FALSE,FALSE,FALSE,FALSE,FALSE,FALSE,FALSE,FALSE,FALSE,40,40,40,40,40,40,40,40,40,40,40,40,40,40,40,FALSE,FALSE,FALSE,FALSE,FALSE,FALSE,FALSE,FALSE,FALSE,FALSE,FALSE,FALSE,FALSE,FALSE,FALSE,17,17,17,17,17,17,17,17,17,17,17,17,17,17,4,4,4,4,4,4,4,4,4,4,4,4,4,4
FALSE,FALSE,FALSE,FALSE,FALSE,FALSE,FALSE,FALSE,FALSE,FALSE,FALSE,FALSE,FALSE,FALSE,FALSE,FALSE,FALSE,FALSE,FALSE,FALSE,FALSE,FALSE,FALSE,FALSE,FALSE,FALSE,FALSE,FALSE,40,40,40,40,40,40,40,40,40,40,40,40,40,40,40,FALSE,FALSE,FALSE,FALSE,FALSE,FALSE,FALSE,FALSE,FALSE,FALSE,FALSE,FALSE,FALSE,FALSE,FALSE,17,17,17,17,17,17,17,17,17,17,17,17,17,17,4,4,4,4,4,4,4,4,4,4,4,4,4,4
FALSE,FALSE,FALSE,FALSE,FALSE,FALSE,FALSE,FALSE,FALSE,FALSE,FALSE,FALSE,FALSE,53,53,53,53,53,53,53,53,53,53,53,53,53,53,FALSE,40,40,40,40,40,40,40,40,40,40,40,40,40,40,40,FALSE,FALSE,FALSE,FALSE,FALSE,FALSE,FALSE,FALSE,FALSE,FALSE,FALSE,FALSE,FALSE,FALSE,FALSE,17,17,17,17,17,17,17,17,17,17,17,17,17,17,4,4,4,4,4,4,4,4,4,4,4,4,4,4
FALSE,FALSE,FALSE,FALSE,FALSE,FALSE,FALSE,FALSE,FALSE,FALSE,FALSE,FALSE,FALSE,53,53,53,53,53,53,53,53,53,53,53,53,53,53,FALSE,40,40,40,40,40,40,40,40,40,40,40,40,40,40,40,FALSE,FALSE,FALSE,FALSE,FALSE,FALSE,FALSE,FALSE,FALSE,FALSE,FALSE,FALSE,FALSE,FALSE,FALSE,17,17,17,17,17,17,17,17,17,17,17,17,17,17,FALSE,FALSE,FALSE,FALSE,FALSE,FALSE,FALSE,FALSE,FALSE,FALSE,FALSE,FALSE,FALSE,FALSE
FALSE,FALSE,FALSE,FALSE,FALSE,FALSE,FALSE,FALSE,FALSE,FALSE,FALSE,FALSE,FALSE,53,53,53,53,53,53,53,53,53,53,53,53,53,53,FALSE,40,40,40,40,40,40,40,40,40,40,40,40,40,40,40,FALSE,FALSE,FALSE,FALSE,FALSE,FALSE,FALSE,FALSE,FALSE,FALSE,FALSE,FALSE,FALSE,FALSE,FALSE,17,17,17,17,17,17,17,17,17,17,17,17,17,17,FALSE,FALSE,FALSE,FALSE,FALSE,FALSE,FALSE,FALSE,FALSE,FALSE,FALSE,FALSE,FALSE,FALSE
FALSE,FALSE,FALSE,FALSE,FALSE,FALSE,FALSE,FALSE,FALSE,FALSE,FALSE,FALSE,FALSE,53,53,53,53,53,53,53,53,53,53,53,53,53,53,FALSE,FALSE,FALSE,FALSE,FALSE,FALSE,FALSE,FALSE,FALSE,FALSE,FALSE,FALSE,FALSE,FALSE,FALSE,FALSE,FALSE,FALSE,FALSE,FALSE,FALSE,FALSE,FALSE,FALSE,FALSE,FALSE,FALSE,FALSE,FALSE,FALSE,FALSE,17,17,17,17,17,17,17,17,17,17,17,17,17,17,FALSE,FALSE,FALSE,FALSE,FALSE,FALSE,FALSE,FALSE,FALSE,FALSE,FALSE,FALSE,FALSE,FALSE
FALSE,FALSE,FALSE,FALSE,FALSE,FALSE,FALSE,FALSE,FALSE,FALSE,FALSE,FALSE,FALSE,53,53,53,53,53,53,53,53,53,53,53,53,53,53,FALSE,FALSE,FALSE,FALSE,FALSE,FALSE,FALSE,FALSE,FALSE,FALSE,FALSE,FALSE,FALSE,FALSE,FALSE,FALSE,FALSE,FALSE,FALSE,FALSE,FALSE,FALSE,FALSE,FALSE,FALSE,FALSE,FALSE,FALSE,FALSE,FALSE,FALSE,17,17,17,17,17,17,17,17,17,17,17,17,17,17,FALSE,FALSE,FALSE,FALSE,FALSE,FALSE,FALSE,FALSE,FALSE,FALSE,FALSE,FALSE,FALSE,FALSE
FALSE,FALSE,FALSE,FALSE,FALSE,FALSE,FALSE,FALSE,FALSE,FALSE,FALSE,FALSE,FALSE,53,53,53,53,53,53,53,53,53,53,53,53,53,53,FALSE,FALSE,FALSE,FALSE,FALSE,FALSE,FALSE,FALSE,FALSE,FALSE,FALSE,FALSE,FALSE,FALSE,FALSE,FALSE,29,29,29,29,29,29,29,29,29,29,29,29,29,29,29,17,17,17,17,17,17,17,17,17,17,17,17,17,17,FALSE,FALSE,FALSE,FALSE,FALSE,FALSE,FALSE,FALSE,FALSE,FALSE,FALSE,FALSE,FALSE,FALSE
FALSE,FALSE,FALSE,FALSE,FALSE,FALSE,FALSE,FALSE,FALSE,FALSE,FALSE,FALSE,FALSE,53,53,53,53,53,53,53,53,53,53,53,53,53,53,FALSE,FALSE,FALSE,FALSE,FALSE,FALSE,FALSE,FALSE,FALSE,FALSE,FALSE,FALSE,FALSE,FALSE,FALSE,FALSE,29,29,29,29,29,29,29,29,29,29,29,29,29,29,29,17,17,17,17,17,17,17,17,17,17,17,17,17,17,FALSE,FALSE,FALSE,FALSE,FALSE,FALSE,FALSE,FALSE,FALSE,FALSE,FALSE,FALSE,FALSE,FALSE
FALSE,FALSE,FALSE,FALSE,FALSE,FALSE,FALSE,FALSE,FALSE,FALSE,FALSE,FALSE,FALSE,53,53,53,53,53,53,53,53,53,53,53,53,53,53,FALSE,FALSE,FALSE,FALSE,FALSE,FALSE,FALSE,FALSE,FALSE,FALSE,FALSE,FALSE,FALSE,FALSE,FALSE,FALSE,29,29,29,29,29,29,29,29,29,29,29,29,29,29,29,17,17,17,17,17,17,17,17,17,17,17,17,17,17,FALSE,FALSE,FALSE,FALSE,FALSE,FALSE,FALSE,FALSE,FALSE,FALSE,FALSE,FALSE,FALSE,FALSE
FALSE,FALSE,FALSE,FALSE,FALSE,FALSE,FALSE,FALSE,FALSE,FALSE,FALSE,FALSE,FALSE,53,53,53,53,53,53,53,53,53,53,53,53,53,53,FALSE,FALSE,FALSE,FALSE,FALSE,FALSE,FALSE,FALSE,FALSE,FALSE,FALSE,FALSE,FALSE,FALSE,FALSE,FALSE,29,29,29,29,29,29,29,29,29,29,29,29,29,29,29,FALSE,FALSE,FALSE,FALSE,FALSE,FALSE,FALSE,FALSE,FALSE,FALSE,FALSE,FALSE,FALSE,FALSE,FALSE,FALSE,FALSE,FALSE,FALSE,FALSE,FALSE,FALSE,FALSE,FALSE,FALSE,FALSE,FALSE,FALSE
FALSE,FALSE,FALSE,FALSE,FALSE,FALSE,FALSE,FALSE,FALSE,FALSE,FALSE,FALSE,FALSE,53,53,53,53,53,53,53,53,53,53,53,53,53,53,FALSE,FALSE,FALSE,FALSE,FALSE,FALSE,FALSE,FALSE,FALSE,FALSE,FALSE,FALSE,FALSE,FALSE,FALSE,FALSE,29,29,29,29,29,29,29,29,29,29,29,29,29,29,29,FALSE,FALSE,FALSE,FALSE,FALSE,FALSE,FALSE,FALSE,FALSE,FALSE,FALSE,FALSE,FALSE,FALSE,5,5,5,5,5,5,5,5,5,5,5,5,5,5
FALSE,FALSE,FALSE,FALSE,FALSE,FALSE,FALSE,FALSE,FALSE,FALSE,FALSE,FALSE,FALSE,53,53,53,53,53,53,53,53,53,53,53,53,53,53,FALSE,41,41,41,41,41,41,41,41,41,41,41,41,41,41,41,29,29,29,29,29,29,29,29,29,29,29,29,29,29,29,FALSE,FALSE,FALSE,FALSE,FALSE,FALSE,FALSE,FALSE,FALSE,FALSE,FALSE,FALSE,FALSE,FALSE,5,5,5,5,5,5,5,5,5,5,5,5,5,5
FALSE,FALSE,FALSE,FALSE,FALSE,FALSE,FALSE,FALSE,FALSE,FALSE,FALSE,FALSE,FALSE,53,53,53,53,53,53,53,53,53,53,53,53,53,53,FALSE,41,41,41,41,41,41,41,41,41,41,41,41,41,41,41,29,29,29,29,29,29,29,29,29,29,29,29,29,29,29,FALSE,FALSE,FALSE,FALSE,FALSE,FALSE,FALSE,FALSE,FALSE,FALSE,FALSE,FALSE,FALSE,FALSE,5,5,5,5,5,5,5,5,5,5,5,5,5,5
FALSE,FALSE,FALSE,FALSE,FALSE,FALSE,FALSE,FALSE,FALSE,FALSE,FALSE,FALSE,FALSE,FALSE,FALSE,FALSE,FALSE,FALSE,FALSE,FALSE,FALSE,FALSE,FALSE,FALSE,FALSE,FALSE,FALSE,FALSE,41,41,41,41,41,41,41,41,41,41,41,41,41,41,41,29,29,29,29,29,29,29,29,29,29,29,29,29,29,29,FALSE,FALSE,FALSE,FALSE,FALSE,FALSE,FALSE,FALSE,FALSE,FALSE,FALSE,FALSE,FALSE,FALSE,5,5,5,5,5,5,5,5,5,5,5,5,5,5
FALSE,FALSE,FALSE,FALSE,FALSE,FALSE,FALSE,FALSE,FALSE,FALSE,FALSE,FALSE,FALSE,FALSE,FALSE,FALSE,FALSE,FALSE,FALSE,FALSE,FALSE,FALSE,FALSE,FALSE,FALSE,FALSE,FALSE,FALSE,41,41,41,41,41,41,41,41,41,41,41,41,41,41,41,29,29,29,29,29,29,29,29,29,29,29,29,29,29,29,FALSE,FALSE,FALSE,FALSE,FALSE,FALSE,FALSE,FALSE,FALSE,FALSE,FALSE,FALSE,FALSE,FALSE,5,5,5,5,5,5,5,5,5,5,5,5,5,5
FALSE,FALSE,FALSE,FALSE,FALSE,FALSE,FALSE,FALSE,FALSE,FALSE,FALSE,FALSE,FALSE,FALSE,FALSE,FALSE,FALSE,FALSE,FALSE,FALSE,FALSE,FALSE,FALSE,FALSE,FALSE,FALSE,FALSE,FALSE,41,41,41,41,41,41,41,41,41,41,41,41,41,41,41,29,29,29,29,29,29,29,29,29,29,29,29,29,29,29,18,18,18,18,18,18,18,18,18,18,18,18,18,18,5,5,5,5,5,5,5,5,5,5,5,5,5,5
FALSE,FALSE,FALSE,FALSE,FALSE,FALSE,FALSE,FALSE,FALSE,FALSE,FALSE,FALSE,FALSE,FALSE,FALSE,FALSE,FALSE,FALSE,FALSE,FALSE,FALSE,FALSE,FALSE,FALSE,FALSE,FALSE,FALSE,FALSE,41,41,41,41,41,41,41,41,41,41,41,41,41,41,41,29,29,29,29,29,29,29,29,29,29,29,29,29,29,29,18,18,18,18,18,18,18,18,18,18,18,18,18,18,5,5,5,5,5,5,5,5,5,5,5,5,5,5
FALSE,FALSE,FALSE,FALSE,FALSE,FALSE,FALSE,FALSE,FALSE,FALSE,FALSE,FALSE,FALSE,FALSE,FALSE,FALSE,FALSE,FALSE,FALSE,FALSE,FALSE,FALSE,FALSE,FALSE,FALSE,FALSE,FALSE,FALSE,41,41,41,41,41,41,41,41,41,41,41,41,41,41,41,29,29,29,29,29,29,29,29,29,29,29,29,29,29,29,18,18,18,18,18,18,18,18,18,18,18,18,18,18,5,5,5,5,5,5,5,5,5,5,5,5,5,5
FALSE,FALSE,FALSE,FALSE,FALSE,FALSE,FALSE,FALSE,FALSE,FALSE,FALSE,FALSE,FALSE,FALSE,FALSE,FALSE,FALSE,FALSE,FALSE,FALSE,FALSE,FALSE,FALSE,FALSE,FALSE,FALSE,FALSE,FALSE,41,41,41,41,41,41,41,41,41,41,41,41,41,41,41,FALSE,FALSE,FALSE,FALSE,FALSE,FALSE,FALSE,FALSE,FALSE,FALSE,FALSE,FALSE,FALSE,FALSE,FALSE,18,18,18,18,18,18,18,18,18,18,18,18,18,18,5,5,5,5,5,5,5,5,5,5,5,5,5,5
FALSE,FALSE,FALSE,FALSE,FALSE,FALSE,FALSE,FALSE,FALSE,FALSE,FALSE,FALSE,FALSE,FALSE,FALSE,FALSE,FALSE,FALSE,FALSE,FALSE,FALSE,FALSE,FALSE,FALSE,FALSE,FALSE,FALSE,FALSE,41,41,41,41,41,41,41,41,41,41,41,41,41,41,41,FALSE,FALSE,FALSE,FALSE,FALSE,FALSE,FALSE,FALSE,FALSE,FALSE,FALSE,FALSE,FALSE,FALSE,FALSE,18,18,18,18,18,18,18,18,18,18,18,18,18,18,5,5,5,5,5,5,5,5,5,5,5,5,5,5
FALSE,FALSE,FALSE,FALSE,FALSE,FALSE,FALSE,FALSE,FALSE,FALSE,FALSE,FALSE,FALSE,54,54,54,54,54,54,54,54,54,54,54,54,54,54,FALSE,41,41,41,41,41,41,41,41,41,41,41,41,41,41,41,FALSE,FALSE,FALSE,FALSE,FALSE,FALSE,FALSE,FALSE,FALSE,FALSE,FALSE,FALSE,FALSE,FALSE,FALSE,18,18,18,18,18,18,18,18,18,18,18,18,18,18,5,5,5,5,5,5,5,5,5,5,5,5,5,5
FALSE,FALSE,FALSE,FALSE,FALSE,FALSE,FALSE,FALSE,FALSE,FALSE,FALSE,FALSE,FALSE,54,54,54,54,54,54,54,54,54,54,54,54,54,54,FALSE,41,41,41,41,41,41,41,41,41,41,41,41,41,41,41,FALSE,FALSE,FALSE,FALSE,FALSE,FALSE,FALSE,FALSE,FALSE,FALSE,FALSE,FALSE,FALSE,FALSE,FALSE,18,18,18,18,18,18,18,18,18,18,18,18,18,18,5,5,5,5,5,5,5,5,5,5,5,5,5,5
FALSE,FALSE,FALSE,FALSE,FALSE,FALSE,FALSE,FALSE,FALSE,FALSE,FALSE,FALSE,FALSE,54,54,54,54,54,54,54,54,54,54,54,54,54,54,FALSE,41,41,41,41,41,41,41,41,41,41,41,41,41,41,41,FALSE,FALSE,FALSE,FALSE,FALSE,FALSE,FALSE,FALSE,FALSE,FALSE,FALSE,FALSE,FALSE,FALSE,FALSE,18,18,18,18,18,18,18,18,18,18,18,18,18,18,FALSE,FALSE,FALSE,FALSE,FALSE,FALSE,FALSE,FALSE,FALSE,FALSE,FALSE,FALSE,FALSE,FALSE
FALSE,FALSE,FALSE,FALSE,FALSE,FALSE,FALSE,FALSE,FALSE,FALSE,FALSE,FALSE,FALSE,54,54,54,54,54,54,54,54,54,54,54,54,54,54,FALSE,FALSE,FALSE,FALSE,FALSE,FALSE,FALSE,FALSE,FALSE,FALSE,FALSE,FALSE,FALSE,FALSE,FALSE,FALSE,FALSE,FALSE,FALSE,FALSE,FALSE,FALSE,FALSE,FALSE,FALSE,FALSE,FALSE,FALSE,FALSE,FALSE,FALSE,18,18,18,18,18,18,18,18,18,18,18,18,18,18,FALSE,FALSE,FALSE,FALSE,FALSE,FALSE,FALSE,FALSE,FALSE,FALSE,FALSE,FALSE,FALSE,FALSE
FALSE,FALSE,FALSE,FALSE,FALSE,FALSE,FALSE,FALSE,FALSE,FALSE,FALSE,FALSE,FALSE,54,54,54,54,54,54,54,54,54,54,54,54,54,54,FALSE,FALSE,FALSE,FALSE,FALSE,FALSE,FALSE,FALSE,FALSE,FALSE,FALSE,FALSE,FALSE,FALSE,FALSE,FALSE,FALSE,FALSE,FALSE,FALSE,FALSE,FALSE,FALSE,FALSE,FALSE,FALSE,FALSE,FALSE,FALSE,FALSE,FALSE,18,18,18,18,18,18,18,18,18,18,18,18,18,18,FALSE,FALSE,FALSE,FALSE,FALSE,FALSE,FALSE,FALSE,FALSE,FALSE,FALSE,FALSE,FALSE,FALSE
FALSE,FALSE,FALSE,FALSE,FALSE,FALSE,FALSE,FALSE,FALSE,FALSE,FALSE,FALSE,FALSE,54,54,54,54,54,54,54,54,54,54,54,54,54,54,FALSE,FALSE,FALSE,FALSE,FALSE,FALSE,FALSE,FALSE,FALSE,FALSE,FALSE,FALSE,FALSE,FALSE,FALSE,FALSE,30,30,30,30,30,30,30,30,30,30,30,30,30,30,30,18,18,18,18,18,18,18,18,18,18,18,18,18,18,FALSE,FALSE,FALSE,FALSE,FALSE,FALSE,FALSE,FALSE,FALSE,FALSE,FALSE,FALSE,FALSE,FALSE
FALSE,FALSE,FALSE,FALSE,FALSE,FALSE,FALSE,FALSE,FALSE,FALSE,FALSE,FALSE,FALSE,54,54,54,54,54,54,54,54,54,54,54,54,54,54,FALSE,FALSE,FALSE,FALSE,FALSE,FALSE,FALSE,FALSE,FALSE,FALSE,FALSE,FALSE,FALSE,FALSE,FALSE,FALSE,30,30,30,30,30,30,30,30,30,30,30,30,30,30,30,18,18,18,18,18,18,18,18,18,18,18,18,18,18,FALSE,FALSE,FALSE,FALSE,FALSE,FALSE,FALSE,FALSE,FALSE,FALSE,FALSE,FALSE,FALSE,FALSE
FALSE,FALSE,FALSE,FALSE,FALSE,FALSE,FALSE,FALSE,FALSE,FALSE,FALSE,FALSE,FALSE,54,54,54,54,54,54,54,54,54,54,54,54,54,54,FALSE,FALSE,FALSE,FALSE,FALSE,FALSE,FALSE,FALSE,FALSE,FALSE,FALSE,FALSE,FALSE,FALSE,FALSE,FALSE,30,30,30,30,30,30,30,30,30,30,30,30,30,30,30,FALSE,FALSE,FALSE,FALSE,FALSE,FALSE,FALSE,FALSE,FALSE,FALSE,FALSE,FALSE,FALSE,FALSE,FALSE,FALSE,FALSE,FALSE,FALSE,FALSE,FALSE,FALSE,FALSE,FALSE,FALSE,FALSE,FALSE,FALSE
FALSE,FALSE,FALSE,FALSE,FALSE,FALSE,FALSE,FALSE,FALSE,FALSE,FALSE,FALSE,FALSE,54,54,54,54,54,54,54,54,54,54,54,54,54,54,FALSE,FALSE,FALSE,FALSE,FALSE,FALSE,FALSE,FALSE,FALSE,FALSE,FALSE,FALSE,FALSE,FALSE,FALSE,FALSE,30,30,30,30,30,30,30,30,30,30,30,30,30,30,30,FALSE,FALSE,FALSE,FALSE,FALSE,FALSE,FALSE,FALSE,FALSE,FALSE,FALSE,FALSE,FALSE,FALSE,FALSE,FALSE,FALSE,FALSE,FALSE,FALSE,FALSE,FALSE,FALSE,FALSE,FALSE,FALSE,FALSE,FALSE
FALSE,FALSE,FALSE,FALSE,FALSE,FALSE,FALSE,FALSE,FALSE,FALSE,FALSE,FALSE,FALSE,54,54,54,54,54,54,54,54,54,54,54,54,54,54,FALSE,FALSE,FALSE,FALSE,FALSE,FALSE,FALSE,FALSE,FALSE,FALSE,FALSE,FALSE,FALSE,FALSE,FALSE,FALSE,30,30,30,30,30,30,30,30,30,30,30,30,30,30,30,FALSE,FALSE,FALSE,FALSE,FALSE,FALSE,FALSE,FALSE,FALSE,FALSE,FALSE,FALSE,FALSE,FALSE,FALSE,FALSE,FALSE,FALSE,FALSE,FALSE,FALSE,FALSE,FALSE,FALSE,FALSE,FALSE,FALSE,FALSE
FALSE,FALSE,FALSE,FALSE,FALSE,FALSE,FALSE,FALSE,FALSE,FALSE,FALSE,FALSE,FALSE,54,54,54,54,54,54,54,54,54,54,54,54,54,54,FALSE,42,42,42,42,42,42,42,42,42,42,42,42,42,42,42,30,30,30,30,30,30,30,30,30,30,30,30,30,30,30,FALSE,FALSE,FALSE,FALSE,FALSE,FALSE,FALSE,FALSE,FALSE,FALSE,FALSE,FALSE,FALSE,FALSE,FALSE,FALSE,FALSE,FALSE,FALSE,FALSE,FALSE,FALSE,FALSE,FALSE,FALSE,FALSE,FALSE,FALSE
FALSE,FALSE,FALSE,FALSE,FALSE,FALSE,FALSE,FALSE,FALSE,FALSE,FALSE,FALSE,FALSE,54,54,54,54,54,54,54,54,54,54,54,54,54,54,FALSE,42,42,42,42,42,42,42,42,42,42,42,42,42,42,42,30,30,30,30,30,30,30,30,30,30,30,30,30,30,30,FALSE,FALSE,FALSE,FALSE,FALSE,FALSE,FALSE,FALSE,FALSE,FALSE,FALSE,FALSE,FALSE,FALSE,FALSE,FALSE,FALSE,FALSE,FALSE,FALSE,FALSE,FALSE,FALSE,FALSE,FALSE,FALSE,FALSE,FALSE
FALSE,FALSE,FALSE,FALSE,FALSE,FALSE,FALSE,FALSE,FALSE,FALSE,FALSE,FALSE,FALSE,FALSE,FALSE,FALSE,FALSE,FALSE,FALSE,FALSE,FALSE,FALSE,FALSE,FALSE,FALSE,FALSE,FALSE,FALSE,42,42,42,42,42,42,42,42,42,42,42,42,42,42,42,30,30,30,30,30,30,30,30,30,30,30,30,30,30,30,FALSE,FALSE,FALSE,FALSE,FALSE,FALSE,FALSE,FALSE,FALSE,FALSE,FALSE,FALSE,FALSE,FALSE,FALSE,FALSE,FALSE,FALSE,FALSE,FALSE,FALSE,FALSE,FALSE,FALSE,FALSE,FALSE,FALSE,FALSE
FALSE,FALSE,FALSE,FALSE,FALSE,FALSE,FALSE,FALSE,FALSE,FALSE,FALSE,FALSE,FALSE,FALSE,FALSE,FALSE,FALSE,FALSE,FALSE,FALSE,FALSE,FALSE,FALSE,FALSE,FALSE,FALSE,FALSE,FALSE,42,42,42,42,42,42,42,42,42,42,42,42,42,42,42,30,30,30,30,30,30,30,30,30,30,30,30,30,30,30,FALSE,FALSE,FALSE,FALSE,FALSE,FALSE,FALSE,FALSE,FALSE,FALSE,FALSE,FALSE,FALSE,FALSE,FALSE,FALSE,FALSE,FALSE,FALSE,FALSE,FALSE,FALSE,FALSE,FALSE,FALSE,FALSE,FALSE,FALSE
FALSE,FALSE,FALSE,FALSE,FALSE,FALSE,FALSE,FALSE,FALSE,FALSE,FALSE,FALSE,FALSE,FALSE,FALSE,FALSE,FALSE,FALSE,FALSE,FALSE,FALSE,FALSE,FALSE,FALSE,FALSE,FALSE,FALSE,FALSE,42,42,42,42,42,42,42,42,42,42,42,42,42,42,42,30,30,30,30,30,30,30,30,30,30,30,30,30,30,30,FALSE,FALSE,FALSE,FALSE,FALSE,FALSE,FALSE,FALSE,FALSE,FALSE,FALSE,FALSE,FALSE,FALSE,FALSE,FALSE,FALSE,FALSE,FALSE,FALSE,FALSE,FALSE,FALSE,FALSE,FALSE,FALSE,FALSE,FALSE
FALSE,FALSE,FALSE,FALSE,FALSE,FALSE,FALSE,FALSE,FALSE,FALSE,FALSE,FALSE,FALSE,FALSE,FALSE,FALSE,FALSE,FALSE,FALSE,FALSE,FALSE,FALSE,FALSE,FALSE,FALSE,FALSE,FALSE,FALSE,42,42,42,42,42,42,42,42,42,42,42,42,42,42,42,30,30,30,30,30,30,30,30,30,30,30,30,30,30,30,19,19,19,19,19,19,19,19,19,19,19,19,19,19,FALSE,FALSE,FALSE,FALSE,FALSE,FALSE,FALSE,FALSE,FALSE,FALSE,FALSE,FALSE,FALSE,FALSE
FALSE,FALSE,FALSE,FALSE,FALSE,FALSE,FALSE,FALSE,FALSE,FALSE,FALSE,FALSE,FALSE,FALSE,FALSE,FALSE,FALSE,FALSE,FALSE,FALSE,FALSE,FALSE,FALSE,FALSE,FALSE,FALSE,FALSE,FALSE,42,42,42,42,42,42,42,42,42,42,42,42,42,42,42,30,30,30,30,30,30,30,30,30,30,30,30,30,30,30,19,19,19,19,19,19,19,19,19,19,19,19,19,19,FALSE,FALSE,FALSE,FALSE,FALSE,FALSE,FALSE,FALSE,FALSE,FALSE,FALSE,FALSE,FALSE,FALSE
FALSE,FALSE,FALSE,FALSE,FALSE,FALSE,FALSE,FALSE,FALSE,FALSE,FALSE,FALSE,FALSE,FALSE,FALSE,FALSE,FALSE,FALSE,FALSE,FALSE,FALSE,FALSE,FALSE,FALSE,FALSE,FALSE,FALSE,FALSE,42,42,42,42,42,42,42,42,42,42,42,42,42,42,42,FALSE,FALSE,FALSE,FALSE,FALSE,FALSE,FALSE,FALSE,FALSE,FALSE,FALSE,FALSE,FALSE,FALSE,FALSE,19,19,19,19,19,19,19,19,19,19,19,19,19,19,FALSE,FALSE,FALSE,FALSE,FALSE,FALSE,FALSE,FALSE,FALSE,FALSE,FALSE,FALSE,FALSE,FALSE
FALSE,FALSE,FALSE,FALSE,FALSE,FALSE,FALSE,FALSE,FALSE,FALSE,FALSE,FALSE,FALSE,FALSE,FALSE,FALSE,FALSE,FALSE,FALSE,FALSE,FALSE,FALSE,FALSE,FALSE,FALSE,FALSE,FALSE,FALSE,42,42,42,42,42,42,42,42,42,42,42,42,42,42,42,FALSE,FALSE,FALSE,FALSE,FALSE,FALSE,FALSE,FALSE,FALSE,FALSE,FALSE,FALSE,FALSE,FALSE,FALSE,19,19,19,19,19,19,19,19,19,19,19,19,19,19,FALSE,FALSE,FALSE,FALSE,FALSE,FALSE,FALSE,FALSE,FALSE,FALSE,FALSE,FALSE,FALSE,FALSE
FALSE,FALSE,FALSE,FALSE,FALSE,FALSE,FALSE,FALSE,FALSE,FALSE,FALSE,FALSE,FALSE,FALSE,FALSE,FALSE,FALSE,FALSE,FALSE,FALSE,FALSE,FALSE,FALSE,FALSE,FALSE,FALSE,FALSE,FALSE,42,42,42,42,42,42,42,42,42,42,42,42,42,42,42,FALSE,FALSE,FALSE,FALSE,FALSE,FALSE,FALSE,FALSE,FALSE,FALSE,FALSE,FALSE,FALSE,FALSE,FALSE,19,19,19,19,19,19,19,19,19,19,19,19,19,19,FALSE,FALSE,FALSE,FALSE,FALSE,FALSE,FALSE,FALSE,FALSE,FALSE,FALSE,FALSE,FALSE,FALSE
65,65,65,65,65,65,65,65,65,65,65,65,65,55,55,55,55,55,55,55,55,55,55,55,55,55,55,FALSE,42,42,42,42,42,42,42,42,42,42,42,42,42,42,42,FALSE,FALSE,FALSE,FALSE,FALSE,FALSE,FALSE,FALSE,FALSE,FALSE,FALSE,FALSE,FALSE,FALSE,FALSE,19,19,19,19,19,19,19,19,19,19,19,19,19,19,FALSE,FALSE,FALSE,FALSE,FALSE,FALSE,FALSE,FALSE,FALSE,FALSE,FALSE,FALSE,FALSE,FALSE
65,65,65,65,65,65,65,65,65,65,65,65,65,55,55,55,55,55,55,55,55,55,55,55,55,55,55,FALSE,42,42,42,42,42,42,42,42,42,42,42,42,42,42,42,FALSE,FALSE,FALSE,FALSE,FALSE,FALSE,FALSE,FALSE,FALSE,FALSE,FALSE,FALSE,FALSE,FALSE,FALSE,19,19,19,19,19,19,19,19,19,19,19,19,19,19,6,6,6,6,6,6,6,6,6,6,6,6,6,6
65,65,65,65,65,65,65,65,65,65,65,65,65,55,55,55,55,55,55,55,55,55,55,55,55,55,55,FALSE,FALSE,FALSE,FALSE,FALSE,FALSE,FALSE,FALSE,FALSE,FALSE,FALSE,FALSE,FALSE,FALSE,FALSE,FALSE,FALSE,FALSE,FALSE,FALSE,FALSE,FALSE,FALSE,FALSE,FALSE,FALSE,FALSE,FALSE,FALSE,FALSE,FALSE,19,19,19,19,19,19,19,19,19,19,19,19,19,19,6,6,6,6,6,6,6,6,6,6,6,6,6,6
65,65,65,65,65,65,65,65,65,65,65,65,65,55,55,55,55,55,55,55,55,55,55,55,55,55,55,FALSE,FALSE,FALSE,FALSE,FALSE,FALSE,FALSE,FALSE,FALSE,FALSE,FALSE,FALSE,FALSE,FALSE,FALSE,FALSE,FALSE,FALSE,FALSE,FALSE,FALSE,FALSE,FALSE,FALSE,FALSE,FALSE,FALSE,FALSE,FALSE,FALSE,FALSE,19,19,19,19,19,19,19,19,19,19,19,19,19,19,6,6,6,6,6,6,6,6,6,6,6,6,6,6
65,65,65,65,65,65,65,65,65,65,65,65,65,55,55,55,55,55,55,55,55,55,55,55,55,55,55,FALSE,FALSE,FALSE,FALSE,FALSE,FALSE,FALSE,FALSE,FALSE,FALSE,FALSE,FALSE,FALSE,FALSE,FALSE,FALSE,31,31,31,31,31,31,31,31,31,31,31,31,31,31,31,19,19,19,19,19,19,19,19,19,19,19,19,19,19,6,6,6,6,6,6,6,6,6,6,6,6,6,6
65,65,65,65,65,65,65,65,65,65,65,65,65,55,55,55,55,55,55,55,55,55,55,55,55,55,55,FALSE,FALSE,FALSE,FALSE,FALSE,FALSE,FALSE,FALSE,FALSE,FALSE,FALSE,FALSE,FALSE,FALSE,FALSE,FALSE,31,31,31,31,31,31,31,31,31,31,31,31,31,31,31,19,19,19,19,19,19,19,19,19,19,19,19,19,19,6,6,6,6,6,6,6,6,6,6,6,6,6,6
65,65,65,65,65,65,65,65,65,65,65,65,65,55,55,55,55,55,55,55,55,55,55,55,55,55,55,FALSE,FALSE,FALSE,FALSE,FALSE,FALSE,FALSE,FALSE,FALSE,FALSE,FALSE,FALSE,FALSE,FALSE,FALSE,FALSE,31,31,31,31,31,31,31,31,31,31,31,31,31,31,31,19,19,19,19,19,19,19,19,19,19,19,19,19,19,6,6,6,6,6,6,6,6,6,6,6,6,6,6
65,65,65,65,65,65,65,65,65,65,65,65,65,55,55,55,55,55,55,55,55,55,55,55,55,55,55,FALSE,FALSE,FALSE,FALSE,FALSE,FALSE,FALSE,FALSE,FALSE,FALSE,FALSE,FALSE,FALSE,FALSE,FALSE,FALSE,31,31,31,31,31,31,31,31,31,31,31,31,31,31,31,FALSE,FALSE,FALSE,FALSE,FALSE,FALSE,FALSE,FALSE,FALSE,FALSE,FALSE,FALSE,FALSE,FALSE,6,6,6,6,6,6,6,6,6,6,6,6,6,6
65,65,65,65,65,65,65,65,65,65,65,65,65,55,55,55,55,55,55,55,55,55,55,55,55,55,55,FALSE,FALSE,FALSE,FALSE,FALSE,FALSE,FALSE,FALSE,FALSE,FALSE,FALSE,FALSE,FALSE,FALSE,FALSE,FALSE,31,31,31,31,31,31,31,31,31,31,31,31,31,31,31,FALSE,FALSE,FALSE,FALSE,FALSE,FALSE,FALSE,FALSE,FALSE,FALSE,FALSE,FALSE,FALSE,FALSE,6,6,6,6,6,6,6,6,6,6,6,6,6,6
65,65,65,65,65,65,65,65,65,65,65,65,65,55,55,55,55,55,55,55,55,55,55,55,55,55,55,FALSE,43,43,43,43,43,43,43,43,43,43,43,43,43,43,43,31,31,31,31,31,31,31,31,31,31,31,31,31,31,31,FALSE,FALSE,FALSE,FALSE,FALSE,FALSE,FALSE,FALSE,FALSE,FALSE,FALSE,FALSE,FALSE,FALSE,6,6,6,6,6,6,6,6,6,6,6,6,6,6
65,65,65,65,65,65,65,65,65,65,65,65,65,55,55,55,55,55,55,55,55,55,55,55,55,55,55,FALSE,43,43,43,43,43,43,43,43,43,43,43,43,43,43,43,31,31,31,31,31,31,31,31,31,31,31,31,31,31,31,FALSE,FALSE,FALSE,FALSE,FALSE,FALSE,FALSE,FALSE,FALSE,FALSE,FALSE,FALSE,FALSE,FALSE,6,6,6,6,6,6,6,6,6,6,6,6,6,6
65,65,65,65,65,65,65,65,65,65,65,65,65,55,55,55,55,55,55,55,55,55,55,55,55,55,55,FALSE,43,43,43,43,43,43,43,43,43,43,43,43,43,43,43,31,31,31,31,31,31,31,31,31,31,31,31,31,31,31,FALSE,FALSE,FALSE,FALSE,FALSE,FALSE,FALSE,FALSE,FALSE,FALSE,FALSE,FALSE,FALSE,FALSE,6,6,6,6,6,6,6,6,6,6,6,6,6,6
FALSE,FALSE,FALSE,FALSE,FALSE,FALSE,FALSE,FALSE,FALSE,FALSE,FALSE,FALSE,FALSE,FALSE,FALSE,FALSE,FALSE,FALSE,FALSE,FALSE,FALSE,FALSE,FALSE,FALSE,FALSE,FALSE,FALSE,FALSE,43,43,43,43,43,43,43,43,43,43,43,43,43,43,43,31,31,31,31,31,31,31,31,31,31,31,31,31,31,31,FALSE,FALSE,FALSE,FALSE,FALSE,FALSE,FALSE,FALSE,FALSE,FALSE,FALSE,FALSE,FALSE,FALSE,6,6,6,6,6,6,6,6,6,6,6,6,6,6
FALSE,FALSE,FALSE,FALSE,FALSE,FALSE,FALSE,FALSE,FALSE,FALSE,FALSE,FALSE,FALSE,FALSE,FALSE,FALSE,FALSE,FALSE,FALSE,FALSE,FALSE,FALSE,FALSE,FALSE,FALSE,FALSE,FALSE,FALSE,43,43,43,43,43,43,43,43,43,43,43,43,43,43,43,31,31,31,31,31,31,31,31,31,31,31,31,31,31,31,FALSE,FALSE,FALSE,FALSE,FALSE,FALSE,FALSE,FALSE,FALSE,FALSE,FALSE,FALSE,FALSE,FALSE,FALSE,FALSE,FALSE,FALSE,FALSE,FALSE,FALSE,FALSE,FALSE,FALSE,FALSE,FALSE,FALSE,FALSE
FALSE,FALSE,FALSE,FALSE,FALSE,FALSE,FALSE,FALSE,FALSE,FALSE,FALSE,FALSE,FALSE,FALSE,FALSE,FALSE,FALSE,FALSE,FALSE,FALSE,FALSE,FALSE,FALSE,FALSE,FALSE,FALSE,FALSE,FALSE,43,43,43,43,43,43,43,43,43,43,43,43,43,43,43,31,31,31,31,31,31,31,31,31,31,31,31,31,31,31,20,20,20,20,20,20,20,20,20,20,20,20,20,20,FALSE,FALSE,FALSE,FALSE,FALSE,FALSE,FALSE,FALSE,FALSE,FALSE,FALSE,FALSE,FALSE,FALSE
FALSE,FALSE,FALSE,FALSE,FALSE,FALSE,FALSE,FALSE,FALSE,FALSE,FALSE,FALSE,FALSE,FALSE,FALSE,FALSE,FALSE,FALSE,FALSE,FALSE,FALSE,FALSE,FALSE,FALSE,FALSE,FALSE,FALSE,FALSE,43,43,43,43,43,43,43,43,43,43,43,43,43,43,43,31,31,31,31,31,31,31,31,31,31,31,31,31,31,31,20,20,20,20,20,20,20,20,20,20,20,20,20,20,FALSE,FALSE,FALSE,FALSE,FALSE,FALSE,FALSE,FALSE,FALSE,FALSE,FALSE,FALSE,FALSE,FALSE
FALSE,FALSE,FALSE,FALSE,FALSE,FALSE,FALSE,FALSE,FALSE,FALSE,FALSE,FALSE,FALSE,FALSE,FALSE,FALSE,FALSE,FALSE,FALSE,FALSE,FALSE,FALSE,FALSE,FALSE,FALSE,FALSE,FALSE,FALSE,43,43,43,43,43,43,43,43,43,43,43,43,43,43,43,FALSE,FALSE,FALSE,FALSE,FALSE,FALSE,FALSE,FALSE,FALSE,FALSE,FALSE,FALSE,FALSE,FALSE,FALSE,20,20,20,20,20,20,20,20,20,20,20,20,20,20,FALSE,FALSE,FALSE,FALSE,FALSE,FALSE,FALSE,FALSE,FALSE,FALSE,FALSE,FALSE,FALSE,FALSE
FALSE,FALSE,FALSE,FALSE,FALSE,FALSE,FALSE,FALSE,FALSE,FALSE,FALSE,FALSE,FALSE,FALSE,FALSE,FALSE,FALSE,FALSE,FALSE,FALSE,FALSE,FALSE,FALSE,FALSE,FALSE,FALSE,FALSE,FALSE,43,43,43,43,43,43,43,43,43,43,43,43,43,43,43,FALSE,FALSE,FALSE,FALSE,FALSE,FALSE,FALSE,FALSE,FALSE,FALSE,FALSE,FALSE,FALSE,FALSE,FALSE,20,20,20,20,20,20,20,20,20,20,20,20,20,20,FALSE,FALSE,FALSE,FALSE,FALSE,FALSE,FALSE,FALSE,FALSE,FALSE,FALSE,FALSE,FALSE,FALSE
FALSE,FALSE,FALSE,FALSE,FALSE,FALSE,FALSE,FALSE,FALSE,FALSE,FALSE,FALSE,FALSE,56,56,56,56,56,56,56,56,56,56,56,56,56,56,FALSE,43,43,43,43,43,43,43,43,43,43,43,43,43,43,43,FALSE,FALSE,FALSE,FALSE,FALSE,FALSE,FALSE,FALSE,FALSE,FALSE,FALSE,FALSE,FALSE,FALSE,FALSE,20,20,20,20,20,20,20,20,20,20,20,20,20,20,FALSE,FALSE,FALSE,FALSE,FALSE,FALSE,FALSE,FALSE,FALSE,FALSE,FALSE,FALSE,FALSE,FALSE
FALSE,FALSE,FALSE,FALSE,FALSE,FALSE,FALSE,FALSE,FALSE,FALSE,FALSE,FALSE,FALSE,56,56,56,56,56,56,56,56,56,56,56,56,56,56,FALSE,43,43,43,43,43,43,43,43,43,43,43,43,43,43,43,FALSE,FALSE,FALSE,FALSE,FALSE,FALSE,FALSE,FALSE,FALSE,FALSE,FALSE,FALSE,FALSE,FALSE,FALSE,20,20,20,20,20,20,20,20,20,20,20,20,20,20,FALSE,FALSE,FALSE,FALSE,FALSE,FALSE,FALSE,FALSE,FALSE,FALSE,FALSE,FALSE,FALSE,FALSE
FALSE,FALSE,FALSE,FALSE,FALSE,FALSE,FALSE,FALSE,FALSE,FALSE,FALSE,FALSE,FALSE,56,56,56,56,56,56,56,56,56,56,56,56,56,56,FALSE,43,43,43,43,43,43,43,43,43,43,43,43,43,43,43,FALSE,FALSE,FALSE,FALSE,FALSE,FALSE,FALSE,FALSE,FALSE,FALSE,FALSE,FALSE,FALSE,FALSE,FALSE,20,20,20,20,20,20,20,20,20,20,20,20,20,20,7,7,7,7,7,7,7,7,7,7,7,7,7,7
FALSE,FALSE,FALSE,FALSE,FALSE,FALSE,FALSE,FALSE,FALSE,FALSE,FALSE,FALSE,FALSE,56,56,56,56,56,56,56,56,56,56,56,56,56,56,FALSE,FALSE,FALSE,FALSE,FALSE,FALSE,FALSE,FALSE,FALSE,FALSE,FALSE,FALSE,FALSE,FALSE,FALSE,FALSE,FALSE,FALSE,FALSE,FALSE,FALSE,FALSE,FALSE,FALSE,FALSE,FALSE,FALSE,FALSE,FALSE,FALSE,FALSE,20,20,20,20,20,20,20,20,20,20,20,20,20,20,7,7,7,7,7,7,7,7,7,7,7,7,7,7
FALSE,FALSE,FALSE,FALSE,FALSE,FALSE,FALSE,FALSE,FALSE,FALSE,FALSE,FALSE,FALSE,56,56,56,56,56,56,56,56,56,56,56,56,56,56,FALSE,FALSE,FALSE,FALSE,FALSE,FALSE,FALSE,FALSE,FALSE,FALSE,FALSE,FALSE,FALSE,FALSE,FALSE,FALSE,FALSE,FALSE,FALSE,FALSE,FALSE,FALSE,FALSE,FALSE,FALSE,FALSE,FALSE,FALSE,FALSE,FALSE,FALSE,20,20,20,20,20,20,20,20,20,20,20,20,20,20,7,7,7,7,7,7,7,7,7,7,7,7,7,7
FALSE,FALSE,FALSE,FALSE,FALSE,FALSE,FALSE,FALSE,FALSE,FALSE,FALSE,FALSE,FALSE,56,56,56,56,56,56,56,56,56,56,56,56,56,56,FALSE,FALSE,FALSE,FALSE,FALSE,FALSE,FALSE,FALSE,FALSE,FALSE,FALSE,FALSE,FALSE,FALSE,FALSE,FALSE,32,32,32,32,32,32,32,32,32,32,32,32,32,32,32,20,20,20,20,20,20,20,20,20,20,20,20,20,20,7,7,7,7,7,7,7,7,7,7,7,7,7,7
FALSE,FALSE,FALSE,FALSE,FALSE,FALSE,FALSE,FALSE,FALSE,FALSE,FALSE,FALSE,FALSE,56,56,56,56,56,56,56,56,56,56,56,56,56,56,FALSE,FALSE,FALSE,FALSE,FALSE,FALSE,FALSE,FALSE,FALSE,FALSE,FALSE,FALSE,FALSE,FALSE,FALSE,FALSE,32,32,32,32,32,32,32,32,32,32,32,32,32,32,32,20,20,20,20,20,20,20,20,20,20,20,20,20,20,7,7,7,7,7,7,7,7,7,7,7,7,7,7
FALSE,FALSE,FALSE,FALSE,FALSE,FALSE,FALSE,FALSE,FALSE,FALSE,FALSE,FALSE,FALSE,56,56,56,56,56,56,56,56,56,56,56,56,56,56,FALSE,FALSE,FALSE,FALSE,FALSE,FALSE,FALSE,FALSE,FALSE,FALSE,FALSE,FALSE,FALSE,FALSE,FALSE,FALSE,32,32,32,32,32,32,32,32,32,32,32,32,32,32,32,20,20,20,20,20,20,20,20,20,20,20,20,20,20,7,7,7,7,7,7,7,7,7,7,7,7,7,7
FALSE,FALSE,FALSE,FALSE,FALSE,FALSE,FALSE,FALSE,FALSE,FALSE,FALSE,FALSE,FALSE,56,56,56,56,56,56,56,56,56,56,56,56,56,56,FALSE,FALSE,FALSE,FALSE,FALSE,FALSE,FALSE,FALSE,FALSE,FALSE,FALSE,FALSE,FALSE,FALSE,FALSE,FALSE,32,32,32,32,32,32,32,32,32,32,32,32,32,32,32,FALSE,FALSE,FALSE,FALSE,FALSE,FALSE,FALSE,FALSE,FALSE,FALSE,FALSE,FALSE,FALSE,FALSE,7,7,7,7,7,7,7,7,7,7,7,7,7,7
FALSE,FALSE,FALSE,FALSE,FALSE,FALSE,FALSE,FALSE,FALSE,FALSE,FALSE,FALSE,FALSE,56,56,56,56,56,56,56,56,56,56,56,56,56,56,FALSE,FALSE,FALSE,FALSE,FALSE,FALSE,FALSE,FALSE,FALSE,FALSE,FALSE,FALSE,FALSE,FALSE,FALSE,FALSE,32,32,32,32,32,32,32,32,32,32,32,32,32,32,32,FALSE,FALSE,FALSE,FALSE,FALSE,FALSE,FALSE,FALSE,FALSE,FALSE,FALSE,FALSE,FALSE,FALSE,7,7,7,7,7,7,7,7,7,7,7,7,7,7
FALSE,FALSE,FALSE,FALSE,FALSE,FALSE,FALSE,FALSE,FALSE,FALSE,FALSE,FALSE,FALSE,56,56,56,56,56,56,56,56,56,56,56,56,56,56,FALSE,44,44,44,44,44,44,44,44,44,44,44,44,44,44,44,32,32,32,32,32,32,32,32,32,32,32,32,32,32,32,FALSE,FALSE,FALSE,FALSE,FALSE,FALSE,FALSE,FALSE,FALSE,FALSE,FALSE,FALSE,FALSE,FALSE,7,7,7,7,7,7,7,7,7,7,7,7,7,7
FALSE,FALSE,FALSE,FALSE,FALSE,FALSE,FALSE,FALSE,FALSE,FALSE,FALSE,FALSE,FALSE,56,56,56,56,56,56,56,56,56,56,56,56,56,56,FALSE,44,44,44,44,44,44,44,44,44,44,44,44,44,44,44,32,32,32,32,32,32,32,32,32,32,32,32,32,32,32,FALSE,FALSE,FALSE,FALSE,FALSE,FALSE,FALSE,FALSE,FALSE,FALSE,FALSE,FALSE,FALSE,FALSE,7,7,7,7,7,7,7,7,7,7,7,7,7,7
FALSE,FALSE,FALSE,FALSE,FALSE,FALSE,FALSE,FALSE,FALSE,FALSE,FALSE,FALSE,FALSE,FALSE,FALSE,FALSE,FALSE,FALSE,FALSE,FALSE,FALSE,FALSE,FALSE,FALSE,FALSE,FALSE,FALSE,FALSE,44,44,44,44,44,44,44,44,44,44,44,44,44,44,44,32,32,32,32,32,32,32,32,32,32,32,32,32,32,32,FALSE,FALSE,FALSE,FALSE,FALSE,FALSE,FALSE,FALSE,FALSE,FALSE,FALSE,FALSE,FALSE,FALSE,7,7,7,7,7,7,7,7,7,7,7,7,7,7
FALSE,FALSE,FALSE,FALSE,FALSE,FALSE,FALSE,FALSE,FALSE,FALSE,FALSE,FALSE,FALSE,FALSE,FALSE,FALSE,FALSE,FALSE,FALSE,FALSE,FALSE,FALSE,FALSE,FALSE,FALSE,FALSE,FALSE,FALSE,44,44,44,44,44,44,44,44,44,44,44,44,44,44,44,32,32,32,32,32,32,32,32,32,32,32,32,32,32,32,FALSE,FALSE,FALSE,FALSE,FALSE,FALSE,FALSE,FALSE,FALSE,FALSE,FALSE,FALSE,FALSE,FALSE,7,7,7,7,7,7,7,7,7,7,7,7,7,7
FALSE,FALSE,FALSE,FALSE,FALSE,FALSE,FALSE,FALSE,FALSE,FALSE,FALSE,FALSE,FALSE,FALSE,FALSE,FALSE,FALSE,FALSE,FALSE,FALSE,FALSE,FALSE,FALSE,FALSE,FALSE,FALSE,FALSE,FALSE,44,44,44,44,44,44,44,44,44,44,44,44,44,44,44,32,32,32,32,32,32,32,32,32,32,32,32,32,32,32,21,21,21,21,21,21,21,21,21,21,21,21,21,21,FALSE,FALSE,FALSE,FALSE,FALSE,FALSE,FALSE,FALSE,FALSE,FALSE,FALSE,FALSE,FALSE,FALSE
FALSE,FALSE,FALSE,FALSE,FALSE,FALSE,FALSE,FALSE,FALSE,FALSE,FALSE,FALSE,FALSE,FALSE,FALSE,FALSE,FALSE,FALSE,FALSE,FALSE,FALSE,FALSE,FALSE,FALSE,FALSE,FALSE,FALSE,FALSE,44,44,44,44,44,44,44,44,44,44,44,44,44,44,44,32,32,32,32,32,32,32,32,32,32,32,32,32,32,32,21,21,21,21,21,21,21,21,21,21,21,21,21,21,FALSE,FALSE,FALSE,FALSE,FALSE,FALSE,FALSE,FALSE,FALSE,FALSE,FALSE,FALSE,FALSE,FALSE
FALSE,FALSE,FALSE,FALSE,FALSE,FALSE,FALSE,FALSE,FALSE,FALSE,FALSE,FALSE,FALSE,FALSE,FALSE,FALSE,FALSE,FALSE,FALSE,FALSE,FALSE,FALSE,FALSE,FALSE,FALSE,FALSE,FALSE,FALSE,44,44,44,44,44,44,44,44,44,44,44,44,44,44,44,32,32,32,32,32,32,32,32,32,32,32,32,32,32,32,21,21,21,21,21,21,21,21,21,21,21,21,21,21,FALSE,FALSE,FALSE,FALSE,FALSE,FALSE,FALSE,FALSE,FALSE,FALSE,FALSE,FALSE,FALSE,FALSE
FALSE,FALSE,FALSE,FALSE,FALSE,FALSE,FALSE,FALSE,FALSE,FALSE,FALSE,FALSE,FALSE,FALSE,FALSE,FALSE,FALSE,FALSE,FALSE,FALSE,FALSE,FALSE,FALSE,FALSE,FALSE,FALSE,FALSE,FALSE,44,44,44,44,44,44,44,44,44,44,44,44,44,44,44,FALSE,FALSE,FALSE,FALSE,FALSE,FALSE,FALSE,FALSE,FALSE,FALSE,FALSE,FALSE,FALSE,FALSE,FALSE,21,21,21,21,21,21,21,21,21,21,21,21,21,21,FALSE,FALSE,FALSE,FALSE,FALSE,FALSE,FALSE,FALSE,FALSE,FALSE,FALSE,FALSE,FALSE,FALSE
FALSE,FALSE,FALSE,FALSE,FALSE,FALSE,FALSE,FALSE,FALSE,FALSE,FALSE,FALSE,FALSE,FALSE,FALSE,FALSE,FALSE,FALSE,FALSE,FALSE,FALSE,FALSE,FALSE,FALSE,FALSE,FALSE,FALSE,FALSE,44,44,44,44,44,44,44,44,44,44,44,44,44,44,44,FALSE,FALSE,FALSE,FALSE,FALSE,FALSE,FALSE,FALSE,FALSE,FALSE,FALSE,FALSE,FALSE,FALSE,FALSE,21,21,21,21,21,21,21,21,21,21,21,21,21,21,FALSE,FALSE,FALSE,FALSE,FALSE,FALSE,FALSE,FALSE,FALSE,FALSE,FALSE,FALSE,FALSE,FALSE
FALSE,FALSE,FALSE,FALSE,FALSE,FALSE,FALSE,FALSE,FALSE,FALSE,FALSE,FALSE,FALSE,57,57,57,57,57,57,57,57,57,57,57,57,57,57,FALSE,44,44,44,44,44,44,44,44,44,44,44,44,44,44,44,FALSE,FALSE,FALSE,FALSE,FALSE,FALSE,FALSE,FALSE,FALSE,FALSE,FALSE,FALSE,FALSE,FALSE,FALSE,21,21,21,21,21,21,21,21,21,21,21,21,21,21,FALSE,FALSE,FALSE,FALSE,FALSE,FALSE,FALSE,FALSE,FALSE,FALSE,FALSE,FALSE,FALSE,FALSE
FALSE,FALSE,FALSE,FALSE,FALSE,FALSE,FALSE,FALSE,FALSE,FALSE,FALSE,FALSE,FALSE,57,57,57,57,57,57,57,57,57,57,57,57,57,57,FALSE,44,44,44,44,44,44,44,44,44,44,44,44,44,44,44,FALSE,FALSE,FALSE,FALSE,FALSE,FALSE,FALSE,FALSE,FALSE,FALSE,FALSE,FALSE,FALSE,FALSE,FALSE,21,21,21,21,21,21,21,21,21,21,21,21,21,21,FALSE,FALSE,FALSE,FALSE,FALSE,FALSE,FALSE,FALSE,FALSE,FALSE,FALSE,FALSE,FALSE,FALSE
FALSE,FALSE,FALSE,FALSE,FALSE,FALSE,FALSE,FALSE,FALSE,FALSE,FALSE,FALSE,FALSE,57,57,57,57,57,57,57,57,57,57,57,57,57,57,FALSE,44,44,44,44,44,44,44,44,44,44,44,44,44,44,44,FALSE,FALSE,FALSE,FALSE,FALSE,FALSE,FALSE,FALSE,FALSE,FALSE,FALSE,FALSE,FALSE,FALSE,FALSE,21,21,21,21,21,21,21,21,21,21,21,21,21,21,8,8,8,8,8,8,8,8,8,8,8,8,8,8
FALSE,FALSE,FALSE,FALSE,FALSE,FALSE,FALSE,FALSE,FALSE,FALSE,FALSE,FALSE,FALSE,57,57,57,57,57,57,57,57,57,57,57,57,57,57,FALSE,FALSE,FALSE,FALSE,FALSE,FALSE,FALSE,FALSE,FALSE,FALSE,FALSE,FALSE,FALSE,FALSE,FALSE,FALSE,FALSE,FALSE,FALSE,FALSE,FALSE,FALSE,FALSE,FALSE,FALSE,FALSE,FALSE,FALSE,FALSE,FALSE,FALSE,21,21,21,21,21,21,21,21,21,21,21,21,21,21,8,8,8,8,8,8,8,8,8,8,8,8,8,8
FALSE,FALSE,FALSE,FALSE,FALSE,FALSE,FALSE,FALSE,FALSE,FALSE,FALSE,FALSE,FALSE,57,57,57,57,57,57,57,57,57,57,57,57,57,57,FALSE,FALSE,FALSE,FALSE,FALSE,FALSE,FALSE,FALSE,FALSE,FALSE,FALSE,FALSE,FALSE,FALSE,FALSE,FALSE,FALSE,FALSE,FALSE,FALSE,FALSE,FALSE,FALSE,FALSE,FALSE,FALSE,FALSE,FALSE,FALSE,FALSE,FALSE,21,21,21,21,21,21,21,21,21,21,21,21,21,21,8,8,8,8,8,8,8,8,8,8,8,8,8,8
FALSE,FALSE,FALSE,FALSE,FALSE,FALSE,FALSE,FALSE,FALSE,FALSE,FALSE,FALSE,FALSE,57,57,57,57,57,57,57,57,57,57,57,57,57,57,FALSE,FALSE,FALSE,FALSE,FALSE,FALSE,FALSE,FALSE,FALSE,FALSE,FALSE,FALSE,FALSE,FALSE,FALSE,FALSE,33,33,33,33,33,33,33,33,33,33,33,33,33,33,33,21,21,21,21,21,21,21,21,21,21,21,21,21,21,8,8,8,8,8,8,8,8,8,8,8,8,8,8
FALSE,FALSE,FALSE,FALSE,FALSE,FALSE,FALSE,FALSE,FALSE,FALSE,FALSE,FALSE,FALSE,57,57,57,57,57,57,57,57,57,57,57,57,57,57,FALSE,FALSE,FALSE,FALSE,FALSE,FALSE,FALSE,FALSE,FALSE,FALSE,FALSE,FALSE,FALSE,FALSE,FALSE,FALSE,33,33,33,33,33,33,33,33,33,33,33,33,33,33,33,21,21,21,21,21,21,21,21,21,21,21,21,21,21,8,8,8,8,8,8,8,8,8,8,8,8,8,8
FALSE,FALSE,FALSE,FALSE,FALSE,FALSE,FALSE,FALSE,FALSE,FALSE,FALSE,FALSE,FALSE,57,57,57,57,57,57,57,57,57,57,57,57,57,57,FALSE,FALSE,FALSE,FALSE,FALSE,FALSE,FALSE,FALSE,FALSE,FALSE,FALSE,FALSE,FALSE,FALSE,FALSE,FALSE,33,33,33,33,33,33,33,33,33,33,33,33,33,33,33,FALSE,FALSE,FALSE,FALSE,FALSE,FALSE,FALSE,FALSE,FALSE,FALSE,FALSE,FALSE,FALSE,FALSE,8,8,8,8,8,8,8,8,8,8,8,8,8,8
FALSE,FALSE,FALSE,FALSE,FALSE,FALSE,FALSE,FALSE,FALSE,FALSE,FALSE,FALSE,FALSE,57,57,57,57,57,57,57,57,57,57,57,57,57,57,FALSE,FALSE,FALSE,FALSE,FALSE,FALSE,FALSE,FALSE,FALSE,FALSE,FALSE,FALSE,FALSE,FALSE,FALSE,FALSE,33,33,33,33,33,33,33,33,33,33,33,33,33,33,33,FALSE,FALSE,FALSE,FALSE,FALSE,FALSE,FALSE,FALSE,FALSE,FALSE,FALSE,FALSE,FALSE,FALSE,8,8,8,8,8,8,8,8,8,8,8,8,8,8
FALSE,FALSE,FALSE,FALSE,FALSE,FALSE,FALSE,FALSE,FALSE,FALSE,FALSE,FALSE,FALSE,57,57,57,57,57,57,57,57,57,57,57,57,57,57,FALSE,FALSE,FALSE,FALSE,FALSE,FALSE,FALSE,FALSE,FALSE,FALSE,FALSE,FALSE,FALSE,FALSE,FALSE,FALSE,33,33,33,33,33,33,33,33,33,33,33,33,33,33,33,FALSE,FALSE,FALSE,FALSE,FALSE,FALSE,FALSE,FALSE,FALSE,FALSE,FALSE,FALSE,FALSE,FALSE,8,8,8,8,8,8,8,8,8,8,8,8,8,8
FALSE,FALSE,FALSE,FALSE,FALSE,FALSE,FALSE,FALSE,FALSE,FALSE,FALSE,FALSE,FALSE,57,57,57,57,57,57,57,57,57,57,57,57,57,57,FALSE,45,45,45,45,45,45,45,45,45,45,45,45,45,45,45,33,33,33,33,33,33,33,33,33,33,33,33,33,33,33,FALSE,FALSE,FALSE,FALSE,FALSE,FALSE,FALSE,FALSE,FALSE,FALSE,FALSE,FALSE,FALSE,FALSE,8,8,8,8,8,8,8,8,8,8,8,8,8,8
FALSE,FALSE,FALSE,FALSE,FALSE,FALSE,FALSE,FALSE,FALSE,FALSE,FALSE,FALSE,FALSE,57,57,57,57,57,57,57,57,57,57,57,57,57,57,FALSE,45,45,45,45,45,45,45,45,45,45,45,45,45,45,45,33,33,33,33,33,33,33,33,33,33,33,33,33,33,33,FALSE,FALSE,FALSE,FALSE,FALSE,FALSE,FALSE,FALSE,FALSE,FALSE,FALSE,FALSE,FALSE,FALSE,8,8,8,8,8,8,8,8,8,8,8,8,8,8
FALSE,FALSE,FALSE,FALSE,FALSE,FALSE,FALSE,FALSE,FALSE,FALSE,FALSE,FALSE,FALSE,FALSE,FALSE,FALSE,FALSE,FALSE,FALSE,FALSE,FALSE,FALSE,FALSE,FALSE,FALSE,FALSE,FALSE,FALSE,45,45,45,45,45,45,45,45,45,45,45,45,45,45,45,33,33,33,33,33,33,33,33,33,33,33,33,33,33,33,FALSE,FALSE,FALSE,FALSE,FALSE,FALSE,FALSE,FALSE,FALSE,FALSE,FALSE,FALSE,FALSE,FALSE,8,8,8,8,8,8,8,8,8,8,8,8,8,8
FALSE,FALSE,FALSE,FALSE,FALSE,FALSE,FALSE,FALSE,FALSE,FALSE,FALSE,FALSE,FALSE,FALSE,FALSE,FALSE,FALSE,FALSE,FALSE,FALSE,FALSE,FALSE,FALSE,FALSE,FALSE,FALSE,FALSE,FALSE,45,45,45,45,45,45,45,45,45,45,45,45,45,45,45,33,33,33,33,33,33,33,33,33,33,33,33,33,33,33,FALSE,FALSE,FALSE,FALSE,FALSE,FALSE,FALSE,FALSE,FALSE,FALSE,FALSE,FALSE,FALSE,FALSE,8,8,8,8,8,8,8,8,8,8,8,8,8,8
FALSE,FALSE,FALSE,FALSE,FALSE,FALSE,FALSE,FALSE,FALSE,FALSE,FALSE,FALSE,FALSE,FALSE,FALSE,FALSE,FALSE,FALSE,FALSE,FALSE,FALSE,FALSE,FALSE,FALSE,FALSE,FALSE,FALSE,FALSE,45,45,45,45,45,45,45,45,45,45,45,45,45,45,45,33,33,33,33,33,33,33,33,33,33,33,33,33,33,33,FALSE,FALSE,FALSE,FALSE,FALSE,FALSE,FALSE,FALSE,FALSE,FALSE,FALSE,FALSE,FALSE,FALSE,FALSE,FALSE,FALSE,FALSE,FALSE,FALSE,FALSE,FALSE,FALSE,FALSE,FALSE,FALSE,FALSE,FALSE
FALSE,FALSE,FALSE,FALSE,FALSE,FALSE,FALSE,FALSE,FALSE,FALSE,FALSE,FALSE,FALSE,FALSE,FALSE,FALSE,FALSE,FALSE,FALSE,FALSE,FALSE,FALSE,FALSE,FALSE,FALSE,FALSE,FALSE,FALSE,45,45,45,45,45,45,45,45,45,45,45,45,45,45,45,33,33,33,33,33,33,33,33,33,33,33,33,33,33,33,22,22,22,22,22,22,22,22,22,22,22,22,22,22,FALSE,FALSE,FALSE,FALSE,FALSE,FALSE,FALSE,FALSE,FALSE,FALSE,FALSE,FALSE,FALSE,FALSE
FALSE,FALSE,FALSE,FALSE,FALSE,FALSE,FALSE,FALSE,FALSE,FALSE,FALSE,FALSE,FALSE,FALSE,FALSE,FALSE,FALSE,FALSE,FALSE,FALSE,FALSE,FALSE,FALSE,FALSE,FALSE,FALSE,FALSE,FALSE,45,45,45,45,45,45,45,45,45,45,45,45,45,45,45,33,33,33,33,33,33,33,33,33,33,33,33,33,33,33,22,22,22,22,22,22,22,22,22,22,22,22,22,22,FALSE,FALSE,FALSE,FALSE,FALSE,FALSE,FALSE,FALSE,FALSE,FALSE,FALSE,FALSE,FALSE,FALSE
FALSE,FALSE,FALSE,FALSE,FALSE,FALSE,FALSE,FALSE,FALSE,FALSE,FALSE,FALSE,FALSE,FALSE,FALSE,FALSE,FALSE,FALSE,FALSE,FALSE,FALSE,FALSE,FALSE,FALSE,FALSE,FALSE,FALSE,FALSE,45,45,45,45,45,45,45,45,45,45,45,45,45,45,45,FALSE,FALSE,FALSE,FALSE,FALSE,FALSE,FALSE,FALSE,FALSE,FALSE,FALSE,FALSE,FALSE,FALSE,FALSE,22,22,22,22,22,22,22,22,22,22,22,22,22,22,FALSE,FALSE,FALSE,FALSE,FALSE,FALSE,FALSE,FALSE,FALSE,FALSE,FALSE,FALSE,FALSE,FALSE
FALSE,FALSE,FALSE,FALSE,FALSE,FALSE,FALSE,FALSE,FALSE,FALSE,FALSE,FALSE,FALSE,FALSE,FALSE,FALSE,FALSE,FALSE,FALSE,FALSE,FALSE,FALSE,FALSE,FALSE,FALSE,FALSE,FALSE,FALSE,45,45,45,45,45,45,45,45,45,45,45,45,45,45,45,FALSE,FALSE,FALSE,FALSE,FALSE,FALSE,FALSE,FALSE,FALSE,FALSE,FALSE,FALSE,FALSE,FALSE,FALSE,22,22,22,22,22,22,22,22,22,22,22,22,22,22,FALSE,FALSE,FALSE,FALSE,FALSE,FALSE,FALSE,FALSE,FALSE,FALSE,FALSE,FALSE,FALSE,FALSE
FALSE,FALSE,FALSE,FALSE,FALSE,FALSE,FALSE,FALSE,FALSE,FALSE,FALSE,FALSE,FALSE,FALSE,FALSE,FALSE,FALSE,FALSE,FALSE,FALSE,FALSE,FALSE,FALSE,FALSE,FALSE,FALSE,FALSE,FALSE,45,45,45,45,45,45,45,45,45,45,45,45,45,45,45,FALSE,FALSE,FALSE,FALSE,FALSE,FALSE,FALSE,FALSE,FALSE,FALSE,FALSE,FALSE,FALSE,FALSE,FALSE,22,22,22,22,22,22,22,22,22,22,22,22,22,22,FALSE,FALSE,FALSE,FALSE,FALSE,FALSE,FALSE,FALSE,FALSE,FALSE,FALSE,FALSE,FALSE,FALSE
FALSE,FALSE,FALSE,FALSE,FALSE,FALSE,FALSE,FALSE,FALSE,FALSE,FALSE,FALSE,FALSE,58,58,58,58,58,58,58,58,58,58,58,58,58,58,FALSE,45,45,45,45,45,45,45,45,45,45,45,45,45,45,45,FALSE,FALSE,FALSE,FALSE,FALSE,FALSE,FALSE,FALSE,FALSE,FALSE,FALSE,FALSE,FALSE,FALSE,FALSE,22,22,22,22,22,22,22,22,22,22,22,22,22,22,FALSE,FALSE,FALSE,FALSE,FALSE,FALSE,FALSE,FALSE,FALSE,FALSE,FALSE,FALSE,FALSE,FALSE
FALSE,FALSE,FALSE,FALSE,FALSE,FALSE,FALSE,FALSE,FALSE,FALSE,FALSE,FALSE,FALSE,58,58,58,58,58,58,58,58,58,58,58,58,58,58,FALSE,45,45,45,45,45,45,45,45,45,45,45,45,45,45,45,FALSE,FALSE,FALSE,FALSE,FALSE,FALSE,FALSE,FALSE,FALSE,FALSE,FALSE,FALSE,FALSE,FALSE,FALSE,22,22,22,22,22,22,22,22,22,22,22,22,22,22,9,9,9,9,9,9,9,9,9,9,9,9,9,9
FALSE,FALSE,FALSE,FALSE,FALSE,FALSE,FALSE,FALSE,FALSE,FALSE,FALSE,FALSE,FALSE,58,58,58,58,58,58,58,58,58,58,58,58,58,58,FALSE,FALSE,FALSE,FALSE,FALSE,FALSE,FALSE,FALSE,FALSE,FALSE,FALSE,FALSE,FALSE,FALSE,FALSE,FALSE,FALSE,FALSE,FALSE,FALSE,FALSE,FALSE,FALSE,FALSE,FALSE,FALSE,FALSE,FALSE,FALSE,FALSE,FALSE,22,22,22,22,22,22,22,22,22,22,22,22,22,22,9,9,9,9,9,9,9,9,9,9,9,9,9,9
FALSE,FALSE,FALSE,FALSE,FALSE,FALSE,FALSE,FALSE,FALSE,FALSE,FALSE,FALSE,FALSE,58,58,58,58,58,58,58,58,58,58,58,58,58,58,FALSE,FALSE,FALSE,FALSE,FALSE,FALSE,FALSE,FALSE,FALSE,FALSE,FALSE,FALSE,FALSE,FALSE,FALSE,FALSE,FALSE,FALSE,FALSE,FALSE,FALSE,FALSE,FALSE,FALSE,FALSE,FALSE,FALSE,FALSE,FALSE,FALSE,FALSE,22,22,22,22,22,22,22,22,22,22,22,22,22,22,9,9,9,9,9,9,9,9,9,9,9,9,9,9
FALSE,FALSE,FALSE,FALSE,FALSE,FALSE,FALSE,FALSE,FALSE,FALSE,FALSE,FALSE,FALSE,58,58,58,58,58,58,58,58,58,58,58,58,58,58,FALSE,FALSE,FALSE,FALSE,FALSE,FALSE,FALSE,FALSE,FALSE,FALSE,FALSE,FALSE,FALSE,FALSE,FALSE,FALSE,34,34,34,34,34,34,34,34,34,34,34,34,34,34,34,22,22,22,22,22,22,22,22,22,22,22,22,22,22,9,9,9,9,9,9,9,9,9,9,9,9,9,9
FALSE,FALSE,FALSE,FALSE,FALSE,FALSE,FALSE,FALSE,FALSE,FALSE,FALSE,FALSE,FALSE,58,58,58,58,58,58,58,58,58,58,58,58,58,58,FALSE,FALSE,FALSE,FALSE,FALSE,FALSE,FALSE,FALSE,FALSE,FALSE,FALSE,FALSE,FALSE,FALSE,FALSE,FALSE,34,34,34,34,34,34,34,34,34,34,34,34,34,34,34,22,22,22,22,22,22,22,22,22,22,22,22,22,22,9,9,9,9,9,9,9,9,9,9,9,9,9,9
FALSE,FALSE,FALSE,FALSE,FALSE,FALSE,FALSE,FALSE,FALSE,FALSE,FALSE,FALSE,FALSE,58,58,58,58,58,58,58,58,58,58,58,58,58,58,FALSE,FALSE,FALSE,FALSE,FALSE,FALSE,FALSE,FALSE,FALSE,FALSE,FALSE,FALSE,FALSE,FALSE,FALSE,FALSE,34,34,34,34,34,34,34,34,34,34,34,34,34,34,34,22,22,22,22,22,22,22,22,22,22,22,22,22,22,9,9,9,9,9,9,9,9,9,9,9,9,9,9
FALSE,FALSE,FALSE,FALSE,FALSE,FALSE,FALSE,FALSE,FALSE,FALSE,FALSE,FALSE,FALSE,58,58,58,58,58,58,58,58,58,58,58,58,58,58,FALSE,FALSE,FALSE,FALSE,FALSE,FALSE,FALSE,FALSE,FALSE,FALSE,FALSE,FALSE,FALSE,FALSE,FALSE,FALSE,34,34,34,34,34,34,34,34,34,34,34,34,34,34,34,FALSE,FALSE,FALSE,FALSE,FALSE,FALSE,FALSE,FALSE,FALSE,FALSE,FALSE,FALSE,FALSE,FALSE,9,9,9,9,9,9,9,9,9,9,9,9,9,9
FALSE,FALSE,FALSE,FALSE,FALSE,FALSE,FALSE,FALSE,FALSE,FALSE,FALSE,FALSE,FALSE,58,58,58,58,58,58,58,58,58,58,58,58,58,58,FALSE,FALSE,FALSE,FALSE,FALSE,FALSE,FALSE,FALSE,FALSE,FALSE,FALSE,FALSE,FALSE,FALSE,FALSE,FALSE,34,34,34,34,34,34,34,34,34,34,34,34,34,34,34,FALSE,FALSE,FALSE,FALSE,FALSE,FALSE,FALSE,FALSE,FALSE,FALSE,FALSE,FALSE,FALSE,FALSE,9,9,9,9,9,9,9,9,9,9,9,9,9,9
FALSE,FALSE,FALSE,FALSE,FALSE,FALSE,FALSE,FALSE,FALSE,FALSE,FALSE,FALSE,FALSE,58,58,58,58,58,58,58,58,58,58,58,58,58,58,FALSE,46,46,46,46,46,46,46,46,46,46,46,46,46,46,46,34,34,34,34,34,34,34,34,34,34,34,34,34,34,34,FALSE,FALSE,FALSE,FALSE,FALSE,FALSE,FALSE,FALSE,FALSE,FALSE,FALSE,FALSE,FALSE,FALSE,9,9,9,9,9,9,9,9,9,9,9,9,9,9
FALSE,FALSE,FALSE,FALSE,FALSE,FALSE,FALSE,FALSE,FALSE,FALSE,FALSE,FALSE,FALSE,58,58,58,58,58,58,58,58,58,58,58,58,58,58,FALSE,46,46,46,46,46,46,46,46,46,46,46,46,46,46,46,34,34,34,34,34,34,34,34,34,34,34,34,34,34,34,FALSE,FALSE,FALSE,FALSE,FALSE,FALSE,FALSE,FALSE,FALSE,FALSE,FALSE,FALSE,FALSE,FALSE,9,9,9,9,9,9,9,9,9,9,9,9,9,9
FALSE,FALSE,FALSE,FALSE,FALSE,FALSE,FALSE,FALSE,FALSE,FALSE,FALSE,FALSE,FALSE,58,58,58,58,58,58,58,58,58,58,58,58,58,58,FALSE,46,46,46,46,46,46,46,46,46,46,46,46,46,46,46,34,34,34,34,34,34,34,34,34,34,34,34,34,34,34,FALSE,FALSE,FALSE,FALSE,FALSE,FALSE,FALSE,FALSE,FALSE,FALSE,FALSE,FALSE,FALSE,FALSE,9,9,9,9,9,9,9,9,9,9,9,9,9,9
FALSE,FALSE,FALSE,FALSE,FALSE,FALSE,FALSE,FALSE,FALSE,FALSE,FALSE,FALSE,FALSE,FALSE,FALSE,FALSE,FALSE,FALSE,FALSE,FALSE,FALSE,FALSE,FALSE,FALSE,FALSE,FALSE,FALSE,FALSE,46,46,46,46,46,46,46,46,46,46,46,46,46,46,46,34,34,34,34,34,34,34,34,34,34,34,34,34,34,34,FALSE,FALSE,FALSE,FALSE,FALSE,FALSE,FALSE,FALSE,FALSE,FALSE,FALSE,FALSE,FALSE,FALSE,9,9,9,9,9,9,9,9,9,9,9,9,9,9
FALSE,FALSE,FALSE,FALSE,FALSE,FALSE,FALSE,FALSE,FALSE,FALSE,FALSE,FALSE,FALSE,FALSE,FALSE,FALSE,FALSE,FALSE,FALSE,FALSE,FALSE,FALSE,FALSE,FALSE,FALSE,FALSE,FALSE,FALSE,46,46,46,46,46,46,46,46,46,46,46,46,46,46,46,34,34,34,34,34,34,34,34,34,34,34,34,34,34,34,FALSE,FALSE,FALSE,FALSE,FALSE,FALSE,FALSE,FALSE,FALSE,FALSE,FALSE,FALSE,FALSE,FALSE,FALSE,FALSE,FALSE,FALSE,FALSE,FALSE,FALSE,FALSE,FALSE,FALSE,FALSE,FALSE,FALSE,FALSE
FALSE,FALSE,FALSE,FALSE,FALSE,FALSE,FALSE,FALSE,FALSE,FALSE,FALSE,FALSE,FALSE,FALSE,FALSE,FALSE,FALSE,FALSE,FALSE,FALSE,FALSE,FALSE,FALSE,FALSE,FALSE,FALSE,FALSE,FALSE,46,46,46,46,46,46,46,46,46,46,46,46,46,46,46,34,34,34,34,34,34,34,34,34,34,34,34,34,34,34,23,23,23,23,23,23,23,23,23,23,23,23,23,23,FALSE,FALSE,FALSE,FALSE,FALSE,FALSE,FALSE,FALSE,FALSE,FALSE,FALSE,FALSE,FALSE,FALSE
FALSE,FALSE,FALSE,FALSE,FALSE,FALSE,FALSE,FALSE,FALSE,FALSE,FALSE,FALSE,FALSE,FALSE,FALSE,FALSE,FALSE,FALSE,FALSE,FALSE,FALSE,FALSE,FALSE,FALSE,FALSE,FALSE,FALSE,FALSE,46,46,46,46,46,46,46,46,46,46,46,46,46,46,46,34,34,34,34,34,34,34,34,34,34,34,34,34,34,34,23,23,23,23,23,23,23,23,23,23,23,23,23,23,FALSE,FALSE,FALSE,FALSE,FALSE,FALSE,FALSE,FALSE,FALSE,FALSE,FALSE,FALSE,FALSE,FALSE
FALSE,FALSE,FALSE,FALSE,FALSE,FALSE,FALSE,FALSE,FALSE,FALSE,FALSE,FALSE,FALSE,FALSE,FALSE,FALSE,FALSE,FALSE,FALSE,FALSE,FALSE,FALSE,FALSE,FALSE,FALSE,FALSE,FALSE,FALSE,46,46,46,46,46,46,46,46,46,46,46,46,46,46,46,FALSE,FALSE,FALSE,FALSE,FALSE,FALSE,FALSE,FALSE,FALSE,FALSE,FALSE,FALSE,FALSE,FALSE,FALSE,23,23,23,23,23,23,23,23,23,23,23,23,23,23,FALSE,FALSE,FALSE,FALSE,FALSE,FALSE,FALSE,FALSE,FALSE,FALSE,FALSE,FALSE,FALSE,FALSE
FALSE,FALSE,FALSE,FALSE,FALSE,FALSE,FALSE,FALSE,FALSE,FALSE,FALSE,FALSE,FALSE,FALSE,FALSE,FALSE,FALSE,FALSE,FALSE,FALSE,FALSE,FALSE,FALSE,FALSE,FALSE,FALSE,FALSE,FALSE,46,46,46,46,46,46,46,46,46,46,46,46,46,46,46,FALSE,FALSE,FALSE,FALSE,FALSE,FALSE,FALSE,FALSE,FALSE,FALSE,FALSE,FALSE,FALSE,FALSE,FALSE,23,23,23,23,23,23,23,23,23,23,23,23,23,23,FALSE,FALSE,FALSE,FALSE,FALSE,FALSE,FALSE,FALSE,FALSE,FALSE,FALSE,FALSE,FALSE,FALSE
FALSE,FALSE,FALSE,FALSE,FALSE,FALSE,FALSE,FALSE,FALSE,FALSE,FALSE,FALSE,FALSE,59,59,59,59,59,59,59,59,59,59,59,59,59,59,FALSE,46,46,46,46,46,46,46,46,46,46,46,46,46,46,46,FALSE,FALSE,FALSE,FALSE,FALSE,FALSE,FALSE,FALSE,FALSE,FALSE,FALSE,FALSE,FALSE,FALSE,FALSE,23,23,23,23,23,23,23,23,23,23,23,23,23,23,FALSE,FALSE,FALSE,FALSE,FALSE,FALSE,FALSE,FALSE,FALSE,FALSE,FALSE,FALSE,FALSE,FALSE
68,68,68,68,68,68,68,68,68,68,68,68,68,59,59,59,59,59,59,59,59,59,59,59,59,59,59,FALSE,46,46,46,46,46,46,46,46,46,46,46,46,46,46,46,FALSE,FALSE,FALSE,FALSE,FALSE,FALSE,FALSE,FALSE,FALSE,FALSE,FALSE,FALSE,FALSE,FALSE,FALSE,23,23,23,23,23,23,23,23,23,23,23,23,23,23,FALSE,FALSE,FALSE,FALSE,FALSE,FALSE,FALSE,FALSE,FALSE,FALSE,FALSE,FALSE,FALSE,FALSE
68,68,68,68,68,68,68,68,68,68,68,68,68,59,59,59,59,59,59,59,59,59,59,59,59,59,59,FALSE,46,46,46,46,46,46,46,46,46,46,46,46,46,46,46,FALSE,FALSE,FALSE,FALSE,FALSE,FALSE,FALSE,FALSE,FALSE,FALSE,FALSE,FALSE,FALSE,FALSE,FALSE,23,23,23,23,23,23,23,23,23,23,23,23,23,23,FALSE,FALSE,FALSE,FALSE,FALSE,FALSE,FALSE,FALSE,FALSE,FALSE,FALSE,FALSE,FALSE,FALSE
68,68,68,68,68,68,68,68,68,68,68,68,68,59,59,59,59,59,59,59,59,59,59,59,59,59,59,FALSE,FALSE,FALSE,FALSE,FALSE,FALSE,FALSE,FALSE,FALSE,FALSE,FALSE,FALSE,FALSE,FALSE,FALSE,FALSE,FALSE,FALSE,FALSE,FALSE,FALSE,FALSE,FALSE,FALSE,FALSE,FALSE,FALSE,FALSE,FALSE,FALSE,FALSE,23,23,23,23,23,23,23,23,23,23,23,23,23,23,FALSE,FALSE,FALSE,FALSE,FALSE,FALSE,FALSE,FALSE,FALSE,FALSE,FALSE,FALSE,FALSE,FALSE
68,68,68,68,68,68,68,68,68,68,68,68,68,59,59,59,59,59,59,59,59,59,59,59,59,59,59,FALSE,FALSE,FALSE,FALSE,FALSE,FALSE,FALSE,FALSE,FALSE,FALSE,FALSE,FALSE,FALSE,FALSE,FALSE,FALSE,FALSE,FALSE,FALSE,FALSE,FALSE,FALSE,FALSE,FALSE,FALSE,FALSE,FALSE,FALSE,FALSE,FALSE,FALSE,23,23,23,23,23,23,23,23,23,23,23,23,23,23,FALSE,FALSE,FALSE,FALSE,FALSE,FALSE,FALSE,FALSE,FALSE,FALSE,FALSE,FALSE,FALSE,FALSE
68,68,68,68,68,68,68,68,68,68,68,68,68,59,59,59,59,59,59,59,59,59,59,59,59,59,59,FALSE,FALSE,FALSE,FALSE,FALSE,FALSE,FALSE,FALSE,FALSE,FALSE,FALSE,FALSE,FALSE,FALSE,FALSE,FALSE,35,35,35,35,35,35,35,35,35,35,35,35,35,35,35,23,23,23,23,23,23,23,23,23,23,23,23,23,23,FALSE,FALSE,FALSE,FALSE,FALSE,FALSE,FALSE,FALSE,FALSE,FALSE,FALSE,FALSE,FALSE,FALSE
68,68,68,68,68,68,68,68,68,68,68,68,68,59,59,59,59,59,59,59,59,59,59,59,59,59,59,FALSE,FALSE,FALSE,FALSE,FALSE,FALSE,FALSE,FALSE,FALSE,FALSE,FALSE,FALSE,FALSE,FALSE,FALSE,FALSE,35,35,35,35,35,35,35,35,35,35,35,35,35,35,35,23,23,23,23,23,23,23,23,23,23,23,23,23,23,FALSE,FALSE,FALSE,FALSE,FALSE,FALSE,FALSE,FALSE,FALSE,FALSE,FALSE,FALSE,FALSE,FALSE
68,68,68,68,68,68,68,68,68,68,68,68,68,59,59,59,59,59,59,59,59,59,59,59,59,59,59,FALSE,FALSE,FALSE,FALSE,FALSE,FALSE,FALSE,FALSE,FALSE,FALSE,FALSE,FALSE,FALSE,FALSE,FALSE,FALSE,35,35,35,35,35,35,35,35,35,35,35,35,35,35,35,23,23,23,23,23,23,23,23,23,23,23,23,23,23,FALSE,FALSE,FALSE,FALSE,FALSE,FALSE,FALSE,FALSE,FALSE,FALSE,FALSE,FALSE,FALSE,FALSE
68,68,68,68,68,68,68,68,68,68,68,68,68,59,59,59,59,59,59,59,59,59,59,59,59,59,59,FALSE,FALSE,FALSE,FALSE,FALSE,FALSE,FALSE,FALSE,FALSE,FALSE,FALSE,FALSE,FALSE,FALSE,FALSE,FALSE,35,35,35,35,35,35,35,35,35,35,35,35,35,35,35,FALSE,FALSE,FALSE,FALSE,FALSE,FALSE,FALSE,FALSE,FALSE,FALSE,FALSE,FALSE,FALSE,FALSE,FALSE,FALSE,FALSE,FALSE,FALSE,FALSE,FALSE,FALSE,FALSE,FALSE,FALSE,FALSE,FALSE,FALSE
68,68,68,68,68,68,68,68,68,68,68,68,68,59,59,59,59,59,59,59,59,59,59,59,59,59,59,FALSE,FALSE,FALSE,FALSE,FALSE,FALSE,FALSE,FALSE,FALSE,FALSE,FALSE,FALSE,FALSE,FALSE,FALSE,FALSE,35,35,35,35,35,35,35,35,35,35,35,35,35,35,35,FALSE,FALSE,FALSE,FALSE,FALSE,FALSE,FALSE,FALSE,FALSE,FALSE,FALSE,FALSE,FALSE,FALSE,FALSE,FALSE,FALSE,FALSE,FALSE,FALSE,FALSE,FALSE,FALSE,FALSE,FALSE,FALSE,FALSE,FALSE
68,68,68,68,68,68,68,68,68,68,68,68,68,59,59,59,59,59,59,59,59,59,59,59,59,59,59,FALSE,47,47,47,47,47,47,47,47,47,47,47,47,47,47,47,35,35,35,35,35,35,35,35,35,35,35,35,35,35,35,FALSE,FALSE,FALSE,FALSE,FALSE,FALSE,FALSE,FALSE,FALSE,FALSE,FALSE,FALSE,FALSE,FALSE,FALSE,FALSE,FALSE,FALSE,FALSE,FALSE,FALSE,FALSE,FALSE,FALSE,FALSE,FALSE,FALSE,FALSE
68,68,68,68,68,68,68,68,68,68,68,68,68,59,59,59,59,59,59,59,59,59,59,59,59,59,59,FALSE,47,47,47,47,47,47,47,47,47,47,47,47,47,47,47,35,35,35,35,35,35,35,35,35,35,35,35,35,35,35,FALSE,FALSE,FALSE,FALSE,FALSE,FALSE,FALSE,FALSE,FALSE,FALSE,FALSE,FALSE,FALSE,FALSE,FALSE,FALSE,FALSE,FALSE,FALSE,FALSE,FALSE,FALSE,FALSE,FALSE,FALSE,FALSE,FALSE,FALSE
68,68,68,68,68,68,68,68,68,68,68,68,68,FALSE,FALSE,FALSE,FALSE,FALSE,FALSE,FALSE,FALSE,FALSE,FALSE,FALSE,FALSE,FALSE,FALSE,FALSE,47,47,47,47,47,47,47,47,47,47,47,47,47,47,47,35,35,35,35,35,35,35,35,35,35,35,35,35,35,35,FALSE,FALSE,FALSE,FALSE,FALSE,FALSE,FALSE,FALSE,FALSE,FALSE,FALSE,FALSE,FALSE,FALSE,FALSE,FALSE,FALSE,FALSE,FALSE,FALSE,FALSE,FALSE,FALSE,FALSE,FALSE,FALSE,FALSE,FALSE
68,68,68,68,68,68,68,68,68,68,68,68,68,FALSE,FALSE,FALSE,FALSE,FALSE,FALSE,FALSE,FALSE,FALSE,FALSE,FALSE,FALSE,FALSE,FALSE,FALSE,47,47,47,47,47,47,47,47,47,47,47,47,47,47,47,35,35,35,35,35,35,35,35,35,35,35,35,35,35,35,FALSE,FALSE,FALSE,FALSE,FALSE,FALSE,FALSE,FALSE,FALSE,FALSE,FALSE,FALSE,FALSE,FALSE,FALSE,FALSE,FALSE,FALSE,FALSE,FALSE,FALSE,FALSE,FALSE,FALSE,FALSE,FALSE,FALSE,FALSE
68,68,68,68,68,68,68,68,68,68,68,68,68,FALSE,FALSE,FALSE,FALSE,FALSE,FALSE,FALSE,FALSE,FALSE,FALSE,FALSE,FALSE,FALSE,FALSE,FALSE,47,47,47,47,47,47,47,47,47,47,47,47,47,47,47,35,35,35,35,35,35,35,35,35,35,35,35,35,35,35,24,24,24,24,24,24,24,24,24,24,24,24,24,24,FALSE,FALSE,FALSE,FALSE,FALSE,FALSE,FALSE,FALSE,FALSE,FALSE,FALSE,FALSE,FALSE,FALSE
68,68,68,68,68,68,68,68,68,68,68,68,68,FALSE,FALSE,FALSE,FALSE,FALSE,FALSE,FALSE,FALSE,FALSE,FALSE,FALSE,FALSE,FALSE,FALSE,FALSE,47,47,47,47,47,47,47,47,47,47,47,47,47,47,47,35,35,35,35,35,35,35,35,35,35,35,35,35,35,35,24,24,24,24,24,24,24,24,24,24,24,24,24,24,10,10,10,10,10,10,10,10,10,10,10,10,10,10
68,68,68,68,68,68,68,68,68,68,68,68,68,FALSE,FALSE,FALSE,FALSE,FALSE,FALSE,FALSE,FALSE,FALSE,FALSE,FALSE,FALSE,FALSE,FALSE,FALSE,47,47,47,47,47,47,47,47,47,47,47,47,47,47,47,35,35,35,35,35,35,35,35,35,35,35,35,35,35,35,24,24,24,24,24,24,24,24,24,24,24,24,24,24,10,10,10,10,10,10,10,10,10,10,10,10,10,10
68,68,68,68,68,68,68,68,68,68,68,68,68,FALSE,FALSE,FALSE,FALSE,FALSE,FALSE,FALSE,FALSE,FALSE,FALSE,FALSE,FALSE,FALSE,FALSE,FALSE,47,47,47,47,47,47,47,47,47,47,47,47,47,47,47,FALSE,FALSE,FALSE,FALSE,FALSE,FALSE,FALSE,FALSE,FALSE,FALSE,FALSE,FALSE,FALSE,FALSE,FALSE,24,24,24,24,24,24,24,24,24,24,24,24,24,24,10,10,10,10,10,10,10,10,10,10,10,10,10,10
FALSE,FALSE,FALSE,FALSE,FALSE,FALSE,FALSE,FALSE,FALSE,FALSE,FALSE,FALSE,FALSE,FALSE,FALSE,FALSE,FALSE,FALSE,FALSE,FALSE,FALSE,FALSE,FALSE,FALSE,FALSE,FALSE,FALSE,FALSE,47,47,47,47,47,47,47,47,47,47,47,47,47,47,47,FALSE,FALSE,FALSE,FALSE,FALSE,FALSE,FALSE,FALSE,FALSE,FALSE,FALSE,FALSE,FALSE,FALSE,FALSE,24,24,24,24,24,24,24,24,24,24,24,24,24,24,10,10,10,10,10,10,10,10,10,10,10,10,10,10
FALSE,FALSE,FALSE,FALSE,FALSE,FALSE,FALSE,FALSE,FALSE,FALSE,FALSE,FALSE,FALSE,60,60,60,60,60,60,60,60,60,60,60,60,60,60,FALSE,47,47,47,47,47,47,47,47,47,47,47,47,47,47,47,FALSE,FALSE,FALSE,FALSE,FALSE,FALSE,FALSE,FALSE,FALSE,FALSE,FALSE,FALSE,FALSE,FALSE,FALSE,24,24,24,24,24,24,24,24,24,24,24,24,24,24,10,10,10,10,10,10,10,10,10,10,10,10,10,10
FALSE,FALSE,FALSE,FALSE,FALSE,FALSE,FALSE,FALSE,FALSE,FALSE,FALSE,FALSE,FALSE,60,60,60,60,60,60,60,60,60,60,60,60,60,60,FALSE,47,47,47,47,47,47,47,47,47,47,47,47,47,47,47,FALSE,FALSE,FALSE,FALSE,FALSE,FALSE,FALSE,FALSE,FALSE,FALSE,FALSE,FALSE,FALSE,FALSE,FALSE,24,24,24,24,24,24,24,24,24,24,24,24,24,24,10,10,10,10,10,10,10,10,10,10,10,10,10,10
FALSE,FALSE,FALSE,FALSE,FALSE,FALSE,FALSE,FALSE,FALSE,FALSE,FALSE,FALSE,FALSE,60,60,60,60,60,60,60,60,60,60,60,60,60,60,FALSE,47,47,47,47,47,47,47,47,47,47,47,47,47,47,47,FALSE,FALSE,FALSE,FALSE,FALSE,FALSE,FALSE,FALSE,FALSE,FALSE,FALSE,FALSE,FALSE,FALSE,FALSE,24,24,24,24,24,24,24,24,24,24,24,24,24,24,10,10,10,10,10,10,10,10,10,10,10,10,10,10
FALSE,FALSE,FALSE,FALSE,FALSE,FALSE,FALSE,FALSE,FALSE,FALSE,FALSE,FALSE,FALSE,60,60,60,60,60,60,60,60,60,60,60,60,60,60,FALSE,FALSE,FALSE,FALSE,FALSE,FALSE,FALSE,FALSE,FALSE,FALSE,FALSE,FALSE,FALSE,FALSE,FALSE,FALSE,FALSE,FALSE,FALSE,FALSE,FALSE,FALSE,FALSE,FALSE,FALSE,FALSE,FALSE,FALSE,FALSE,FALSE,FALSE,24,24,24,24,24,24,24,24,24,24,24,24,24,24,10,10,10,10,10,10,10,10,10,10,10,10,10,10
FALSE,FALSE,FALSE,FALSE,FALSE,FALSE,FALSE,FALSE,FALSE,FALSE,FALSE,FALSE,FALSE,60,60,60,60,60,60,60,60,60,60,60,60,60,60,FALSE,FALSE,FALSE,FALSE,FALSE,FALSE,FALSE,FALSE,FALSE,FALSE,FALSE,FALSE,FALSE,FALSE,FALSE,FALSE,FALSE,FALSE,FALSE,FALSE,FALSE,FALSE,FALSE,FALSE,FALSE,FALSE,FALSE,FALSE,FALSE,FALSE,FALSE,24,24,24,24,24,24,24,24,24,24,24,24,24,24,10,10,10,10,10,10,10,10,10,10,10,10,10,10
69,69,69,69,69,69,69,69,69,69,69,69,69,60,60,60,60,60,60,60,60,60,60,60,60,60,60,FALSE,FALSE,FALSE,FALSE,FALSE,FALSE,FALSE,FALSE,FALSE,FALSE,FALSE,FALSE,FALSE,FALSE,FALSE,FALSE,36,36,36,36,36,36,36,36,36,36,36,36,36,36,36,24,24,24,24,24,24,24,24,24,24,24,24,24,24,10,10,10,10,10,10,10,10,10,10,10,10,10,10
69,69,69,69,69,69,69,69,69,69,69,69,69,60,60,60,60,60,60,60,60,60,60,60,60,60,60,FALSE,FALSE,FALSE,FALSE,FALSE,FALSE,FALSE,FALSE,FALSE,FALSE,FALSE,FALSE,FALSE,FALSE,FALSE,FALSE,36,36,36,36,36,36,36,36,36,36,36,36,36,36,36,24,24,24,24,24,24,24,24,24,24,24,24,24,24,10,10,10,10,10,10,10,10,10,10,10,10,10,10
69,69,69,69,69,69,69,69,69,69,69,69,69,60,60,60,60,60,60,60,60,60,60,60,60,60,60,FALSE,FALSE,FALSE,FALSE,FALSE,FALSE,FALSE,FALSE,FALSE,FALSE,FALSE,FALSE,FALSE,FALSE,FALSE,FALSE,36,36,36,36,36,36,36,36,36,36,36,36,36,36,36,FALSE,FALSE,FALSE,FALSE,FALSE,FALSE,FALSE,FALSE,FALSE,FALSE,FALSE,FALSE,FALSE,FALSE,10,10,10,10,10,10,10,10,10,10,10,10,10,10
69,69,69,69,69,69,69,69,69,69,69,69,69,60,60,60,60,60,60,60,60,60,60,60,60,60,60,FALSE,FALSE,FALSE,FALSE,FALSE,FALSE,FALSE,FALSE,FALSE,FALSE,FALSE,FALSE,FALSE,FALSE,FALSE,FALSE,36,36,36,36,36,36,36,36,36,36,36,36,36,36,36,FALSE,FALSE,FALSE,FALSE,FALSE,FALSE,FALSE,FALSE,FALSE,FALSE,FALSE,FALSE,FALSE,FALSE,FALSE,FALSE,FALSE,FALSE,FALSE,FALSE,FALSE,FALSE,FALSE,FALSE,FALSE,FALSE,FALSE,FALSE
69,69,69,69,69,69,69,69,69,69,69,69,69,60,60,60,60,60,60,60,60,60,60,60,60,60,60,FALSE,FALSE,FALSE,FALSE,FALSE,FALSE,FALSE,FALSE,FALSE,FALSE,FALSE,FALSE,FALSE,FALSE,FALSE,FALSE,36,36,36,36,36,36,36,36,36,36,36,36,36,36,36,FALSE,FALSE,FALSE,FALSE,FALSE,FALSE,FALSE,FALSE,FALSE,FALSE,FALSE,FALSE,FALSE,FALSE,FALSE,FALSE,FALSE,FALSE,FALSE,FALSE,FALSE,FALSE,FALSE,FALSE,FALSE,FALSE,FALSE,FALSE
69,69,69,69,69,69,69,69,69,69,69,69,69,60,60,60,60,60,60,60,60,60,60,60,60,60,60,FALSE,48,48,48,48,48,48,48,48,48,48,48,48,48,48,48,36,36,36,36,36,36,36,36,36,36,36,36,36,36,36,FALSE,FALSE,FALSE,FALSE,FALSE,FALSE,FALSE,FALSE,FALSE,FALSE,FALSE,FALSE,FALSE,FALSE,FALSE,FALSE,FALSE,FALSE,FALSE,FALSE,FALSE,FALSE,FALSE,FALSE,FALSE,FALSE,FALSE,FALSE
69,69,69,69,69,69,69,69,69,69,69,69,69,60,60,60,60,60,60,60,60,60,60,60,60,60,60,FALSE,48,48,48,48,48,48,48,48,48,48,48,48,48,48,48,36,36,36,36,36,36,36,36,36,36,36,36,36,36,36,FALSE,FALSE,FALSE,FALSE,FALSE,FALSE,FALSE,FALSE,FALSE,FALSE,FALSE,FALSE,FALSE,FALSE,FALSE,FALSE,FALSE,FALSE,FALSE,FALSE,FALSE,FALSE,FALSE,FALSE,FALSE,FALSE,FALSE,FALSE
69,69,69,69,69,69,69,69,69,69,69,69,69,FALSE,FALSE,FALSE,FALSE,FALSE,FALSE,FALSE,FALSE,FALSE,FALSE,FALSE,FALSE,FALSE,FALSE,FALSE,48,48,48,48,48,48,48,48,48,48,48,48,48,48,48,36,36,36,36,36,36,36,36,36,36,36,36,36,36,36,FALSE,FALSE,FALSE,FALSE,FALSE,FALSE,FALSE,FALSE,FALSE,FALSE,FALSE,FALSE,FALSE,FALSE,FALSE,FALSE,FALSE,FALSE,FALSE,FALSE,FALSE,FALSE,FALSE,FALSE,FALSE,FALSE,FALSE,FALSE
69,69,69,69,69,69,69,69,69,69,69,69,69,FALSE,FALSE,FALSE,FALSE,FALSE,FALSE,FALSE,FALSE,FALSE,FALSE,FALSE,FALSE,FALSE,FALSE,FALSE,48,48,48,48,48,48,48,48,48,48,48,48,48,48,48,36,36,36,36,36,36,36,36,36,36,36,36,36,36,36,FALSE,FALSE,FALSE,FALSE,FALSE,FALSE,FALSE,FALSE,FALSE,FALSE,FALSE,FALSE,FALSE,FALSE,FALSE,FALSE,FALSE,FALSE,FALSE,FALSE,FALSE,FALSE,FALSE,FALSE,FALSE,FALSE,FALSE,FALSE
69,69,69,69,69,69,69,69,69,69,69,69,69,FALSE,FALSE,FALSE,FALSE,FALSE,FALSE,FALSE,FALSE,FALSE,FALSE,FALSE,FALSE,FALSE,FALSE,FALSE,48,48,48,48,48,48,48,48,48,48,48,48,48,48,48,36,36,36,36,36,36,36,36,36,36,36,36,36,36,36,85,85,85,85,85,85,85,85,85,85,85,85,85,85,11,11,11,11,11,11,11,11,11,11,11,11,11,11
69,69,69,69,69,69,69,69,69,69,69,69,69,FALSE,FALSE,FALSE,FALSE,FALSE,FALSE,FALSE,FALSE,FALSE,FALSE,FALSE,FALSE,FALSE,FALSE,FALSE,48,48,48,48,48,48,48,48,48,48,48,48,48,48,48,36,36,36,36,36,36,36,36,36,36,36,36,36,36,36,85,85,85,85,85,85,85,85,85,85,85,85,85,85,11,11,11,11,11,11,11,11,11,11,11,11,11,11
69,69,69,69,69,69,69,69,69,69,69,69,69,FALSE,FALSE,FALSE,FALSE,FALSE,FALSE,FALSE,FALSE,FALSE,FALSE,FALSE,FALSE,FALSE,FALSE,FALSE,48,48,48,48,48,48,48,48,48,48,48,48,48,48,48,36,36,36,36,36,36,36,36,36,36,36,36,36,36,36,85,85,85,85,85,85,85,85,85,85,85,85,85,85,11,11,11,11,11,11,11,11,11,11,11,11,11,11
FALSE,FALSE,FALSE,FALSE,FALSE,FALSE,FALSE,FALSE,FALSE,FALSE,FALSE,FALSE,FALSE,FALSE,FALSE,FALSE,FALSE,FALSE,FALSE,FALSE,FALSE,FALSE,FALSE,FALSE,FALSE,FALSE,FALSE,FALSE,48,48,48,48,48,48,48,48,48,48,48,48,48,48,48,FALSE,FALSE,FALSE,FALSE,FALSE,FALSE,FALSE,FALSE,FALSE,FALSE,FALSE,FALSE,FALSE,FALSE,FALSE,85,85,85,85,85,85,85,85,85,85,85,85,85,85,11,11,11,11,11,11,11,11,11,11,11,11,11,11
FALSE,FALSE,FALSE,FALSE,FALSE,FALSE,FALSE,FALSE,FALSE,FALSE,FALSE,FALSE,FALSE,FALSE,FALSE,FALSE,FALSE,FALSE,FALSE,FALSE,FALSE,FALSE,FALSE,FALSE,FALSE,FALSE,FALSE,FALSE,48,48,48,48,48,48,48,48,48,48,48,48,48,48,48,FALSE,FALSE,FALSE,FALSE,FALSE,FALSE,FALSE,FALSE,FALSE,FALSE,FALSE,FALSE,FALSE,FALSE,FALSE,85,85,85,85,85,85,85,85,85,85,85,85,85,85,11,11,11,11,11,11,11,11,11,11,11,11,11,11
FALSE,FALSE,FALSE,FALSE,FALSE,FALSE,FALSE,FALSE,FALSE,FALSE,FALSE,FALSE,FALSE,FALSE,91,91,91,91,91,91,91,91,91,91,91,91,91,91,48,48,48,48,48,48,48,48,48,48,48,48,48,48,48,FALSE,FALSE,FALSE,FALSE,FALSE,FALSE,FALSE,FALSE,FALSE,FALSE,FALSE,FALSE,FALSE,FALSE,FALSE,85,85,85,85,85,85,85,85,85,85,85,85,85,85,11,11,11,11,11,11,11,11,11,11,11,11,11,11
FALSE,FALSE,FALSE,FALSE,FALSE,FALSE,FALSE,FALSE,FALSE,FALSE,FALSE,FALSE,FALSE,FALSE,91,91,91,91,91,91,91,91,91,91,91,91,91,91,48,48,48,48,48,48,48,48,48,48,48,48,48,48,48,FALSE,FALSE,FALSE,FALSE,FALSE,FALSE,FALSE,FALSE,FALSE,FALSE,FALSE,FALSE,FALSE,FALSE,FALSE,85,85,85,85,85,85,85,85,85,85,85,85,85,85,11,11,11,11,11,11,11,11,11,11,11,11,11,11
FALSE,FALSE,FALSE,FALSE,FALSE,FALSE,FALSE,FALSE,FALSE,FALSE,FALSE,FALSE,FALSE,FALSE,91,91,91,91,91,91,91,91,91,91,91,91,91,91,48,48,48,48,48,48,48,48,48,48,48,48,48,48,48,FALSE,FALSE,FALSE,FALSE,FALSE,FALSE,FALSE,FALSE,FALSE,FALSE,FALSE,FALSE,FALSE,FALSE,FALSE,85,85,85,85,85,85,85,85,85,85,85,85,85,85,11,11,11,11,11,11,11,11,11,11,11,11,11,11
FALSE,FALSE,FALSE,FALSE,FALSE,FALSE,FALSE,FALSE,FALSE,FALSE,FALSE,FALSE,FALSE,FALSE,91,91,91,91,91,91,91,91,91,91,91,91,91,91,FALSE,FALSE,FALSE,FALSE,FALSE,FALSE,FALSE,FALSE,FALSE,FALSE,FALSE,FALSE,FALSE,FALSE,FALSE,FALSE,FALSE,FALSE,FALSE,FALSE,FALSE,FALSE,FALSE,FALSE,FALSE,FALSE,FALSE,FALSE,FALSE,FALSE,85,85,85,85,85,85,85,85,85,85,85,85,85,85,11,11,11,11,11,11,11,11,11,11,11,11,11,11
FALSE,FALSE,FALSE,FALSE,FALSE,FALSE,FALSE,FALSE,FALSE,FALSE,FALSE,FALSE,FALSE,FALSE,91,91,91,91,91,91,91,91,91,91,91,91,91,91,FALSE,FALSE,FALSE,FALSE,FALSE,FALSE,FALSE,FALSE,FALSE,FALSE,FALSE,FALSE,FALSE,FALSE,FALSE,FALSE,FALSE,FALSE,FALSE,FALSE,FALSE,FALSE,FALSE,FALSE,FALSE,FALSE,FALSE,FALSE,FALSE,FALSE,85,85,85,85,85,85,85,85,85,85,85,85,85,85,11,11,11,11,11,11,11,11,11,11,11,11,11,11
70,70,70,70,70,70,70,70,70,70,70,70,70,FALSE,91,91,91,91,91,91,91,91,91,91,91,91,91,91,FALSE,FALSE,FALSE,FALSE,FALSE,FALSE,FALSE,FALSE,FALSE,FALSE,FALSE,FALSE,FALSE,FALSE,FALSE,80,80,80,80,80,80,80,80,80,80,80,80,80,80,80,85,85,85,85,85,85,85,85,85,85,85,85,85,85,11,11,11,11,11,11,11,11,11,11,11,11,11,11
70,70,70,70,70,70,70,70,70,70,70,70,70,FALSE,91,91,91,91,91,91,91,91,91,91,91,91,91,91,FALSE,FALSE,FALSE,FALSE,FALSE,FALSE,FALSE,FALSE,FALSE,FALSE,FALSE,FALSE,FALSE,FALSE,FALSE,80,80,80,80,80,80,80,80,80,80,80,80,80,80,80,85,85,85,85,85,85,85,85,85,85,85,85,85,85,11,11,11,11,11,11,11,11,11,11,11,11,11,11
70,70,70,70,70,70,70,70,70,70,70,70,70,FALSE,91,91,91,91,91,91,91,91,91,91,91,91,91,91,FALSE,FALSE,FALSE,FALSE,FALSE,FALSE,FALSE,FALSE,FALSE,FALSE,FALSE,FALSE,FALSE,FALSE,FALSE,80,80,80,80,80,80,80,80,80,80,80,80,80,80,80,FALSE,FALSE,FALSE,FALSE,FALSE,FALSE,FALSE,FALSE,FALSE,FALSE,FALSE,FALSE,FALSE,FALSE,FALSE,FALSE,FALSE,FALSE,FALSE,FALSE,FALSE,FALSE,FALSE,FALSE,FALSE,FALSE,FALSE,FALSE
70,70,70,70,70,70,70,70,70,70,70,70,70,FALSE,91,91,91,91,91,91,91,91,91,91,91,91,91,91,FALSE,FALSE,FALSE,FALSE,FALSE,FALSE,FALSE,FALSE,FALSE,FALSE,FALSE,FALSE,FALSE,FALSE,FALSE,80,80,80,80,80,80,80,80,80,80,80,80,80,80,80,FALSE,FALSE,FALSE,FALSE,FALSE,FALSE,FALSE,FALSE,FALSE,FALSE,FALSE,FALSE,FALSE,FALSE,FALSE,FALSE,FALSE,FALSE,FALSE,FALSE,FALSE,FALSE,FALSE,FALSE,FALSE,FALSE,FALSE,FALSE
70,70,70,70,70,70,70,70,70,70,70,70,70,FALSE,91,91,91,91,91,91,91,91,91,91,91,91,91,91,FALSE,FALSE,FALSE,FALSE,FALSE,FALSE,FALSE,FALSE,FALSE,FALSE,FALSE,FALSE,FALSE,FALSE,FALSE,80,80,80,80,80,80,80,80,80,80,80,80,80,80,80,FALSE,FALSE,FALSE,FALSE,FALSE,FALSE,FALSE,FALSE,FALSE,FALSE,FALSE,FALSE,FALSE,FALSE,FALSE,FALSE,FALSE,FALSE,FALSE,FALSE,FALSE,FALSE,FALSE,FALSE,FALSE,FALSE,FALSE,FALSE
70,70,70,70,70,70,70,70,70,70,70,70,70,FALSE,91,91,91,91,91,91,91,91,91,91,91,91,91,91,FALSE,83,83,83,83,83,83,83,83,83,83,83,83,83,83,80,80,80,80,80,80,80,80,80,80,80,80,80,80,80,FALSE,FALSE,FALSE,FALSE,FALSE,FALSE,FALSE,FALSE,FALSE,FALSE,FALSE,FALSE,FALSE,FALSE,FALSE,FALSE,FALSE,FALSE,FALSE,FALSE,FALSE,FALSE,FALSE,FALSE,FALSE,FALSE,FALSE,FALSE
70,70,70,70,70,70,70,70,70,70,70,70,70,FALSE,91,91,91,91,91,91,91,91,91,91,91,91,91,91,FALSE,83,83,83,83,83,83,83,83,83,83,83,83,83,83,80,80,80,80,80,80,80,80,80,80,80,80,80,80,80,FALSE,FALSE,FALSE,FALSE,FALSE,FALSE,FALSE,FALSE,FALSE,FALSE,FALSE,FALSE,FALSE,FALSE,FALSE,FALSE,FALSE,FALSE,FALSE,FALSE,FALSE,FALSE,FALSE,FALSE,FALSE,FALSE,FALSE,FALSE
70,70,70,70,70,70,70,70,70,70,70,70,70,FALSE,91,91,91,91,91,91,91,91,91,91,91,91,91,91,FALSE,83,83,83,83,83,83,83,83,83,83,83,83,83,83,80,80,80,80,80,80,80,80,80,80,80,80,80,80,80,FALSE,FALSE,FALSE,FALSE,FALSE,FALSE,FALSE,FALSE,FALSE,FALSE,FALSE,FALSE,FALSE,FALSE,FALSE,FALSE,FALSE,FALSE,FALSE,FALSE,FALSE,FALSE,FALSE,FALSE,FALSE,FALSE,FALSE,FALSE
70,70,70,70,70,70,70,70,70,70,70,70,70,FALSE,91,91,91,91,91,91,91,91,91,91,91,91,91,91,FALSE,83,83,83,83,83,83,83,83,83,83,83,83,83,83,80,80,80,80,80,80,80,80,80,80,80,80,80,80,80,FALSE,FALSE,FALSE,FALSE,FALSE,FALSE,FALSE,FALSE,FALSE,FALSE,FALSE,FALSE,FALSE,FALSE,FALSE,FALSE,FALSE,FALSE,FALSE,FALSE,FALSE,FALSE,FALSE,FALSE,FALSE,FALSE,FALSE,FALSE
70,70,70,70,70,70,70,70,70,70,70,70,70,FALSE,91,91,91,91,91,91,91,91,91,91,91,91,91,91,FALSE,83,83,83,83,83,83,83,83,83,83,83,83,83,83,80,80,80,80,80,80,80,80,80,80,80,80,80,80,80,FALSE,FALSE,FALSE,FALSE,FALSE,FALSE,FALSE,FALSE,FALSE,FALSE,FALSE,FALSE,FALSE,FALSE,FALSE,FALSE,FALSE,FALSE,FALSE,FALSE,FALSE,FALSE,FALSE,FALSE,FALSE,FALSE,FALSE,FALSE
70,70,70,70,70,70,70,70,70,70,70,70,70,FALSE,91,91,91,91,91,91,91,91,91,91,91,91,91,91,FALSE,83,83,83,83,83,83,83,83,83,83,83,83,83,83,80,80,80,80,80,80,80,80,80,80,80,80,80,80,80,87,87,87,87,87,87,87,87,87,87,87,87,87,87,12,12,12,12,12,12,12,12,12,12,12,12,12,12
70,70,70,70,70,70,70,70,70,70,70,70,70,FALSE,91,91,91,91,91,91,91,91,91,91,91,91,91,91,FALSE,83,83,83,83,83,83,83,83,83,83,83,83,83,83,80,80,80,80,80,80,80,80,80,80,80,80,80,80,80,87,87,87,87,87,87,87,87,87,87,87,87,87,87,12,12,12,12,12,12,12,12,12,12,12,12,12,12
FALSE,FALSE,FALSE,FALSE,FALSE,FALSE,FALSE,FALSE,FALSE,FALSE,FALSE,FALSE,FALSE,FALSE,91,91,91,91,91,91,91,91,91,91,91,91,91,91,FALSE,83,83,83,83,83,83,83,83,83,83,83,83,83,83,FALSE,FALSE,FALSE,FALSE,FALSE,FALSE,FALSE,FALSE,FALSE,FALSE,FALSE,FALSE,FALSE,FALSE,FALSE,87,87,87,87,87,87,87,87,87,87,87,87,87,87,12,12,12,12,12,12,12,12,12,12,12,12,12,12
FALSE,FALSE,FALSE,FALSE,FALSE,FALSE,FALSE,FALSE,FALSE,FALSE,FALSE,FALSE,FALSE,FALSE,91,91,91,91,91,91,91,91,91,91,91,91,91,91,FALSE,83,83,83,83,83,83,83,83,83,83,83,83,83,83,FALSE,FALSE,FALSE,FALSE,FALSE,FALSE,FALSE,FALSE,FALSE,FALSE,FALSE,FALSE,FALSE,FALSE,FALSE,87,87,87,87,87,87,87,87,87,87,87,87,87,87,12,12,12,12,12,12,12,12,12,12,12,12,12,12
FALSE,FALSE,FALSE,FALSE,FALSE,FALSE,FALSE,FALSE,FALSE,FALSE,FALSE,FALSE,FALSE,FALSE,91,91,91,91,91,91,91,91,91,91,91,91,91,91,FALSE,83,83,83,83,83,83,83,83,83,83,83,83,83,83,FALSE,FALSE,FALSE,FALSE,FALSE,FALSE,FALSE,FALSE,FALSE,FALSE,FALSE,FALSE,FALSE,FALSE,FALSE,87,87,87,87,87,87,87,87,87,87,87,87,87,87,12,12,12,12,12,12,12,12,12,12,12,12,12,12
FALSE,FALSE,FALSE,FALSE,FALSE,FALSE,FALSE,FALSE,FALSE,FALSE,FALSE,FALSE,FALSE,FALSE,91,91,91,91,91,91,91,91,91,91,91,91,91,91,FALSE,83,83,83,83,83,83,83,83,83,83,83,83,83,83,FALSE,FALSE,FALSE,FALSE,FALSE,FALSE,FALSE,FALSE,FALSE,FALSE,FALSE,FALSE,FALSE,FALSE,FALSE,87,87,87,87,87,87,87,87,87,87,87,87,87,87,12,12,12,12,12,12,12,12,12,12,12,12,12,12
FALSE,FALSE,FALSE,FALSE,FALSE,FALSE,FALSE,FALSE,FALSE,FALSE,FALSE,FALSE,FALSE,FALSE,91,91,91,91,91,91,91,91,91,91,91,91,91,91,FALSE,83,83,83,83,83,83,83,83,83,83,83,83,83,83,FALSE,FALSE,FALSE,FALSE,FALSE,FALSE,FALSE,FALSE,FALSE,FALSE,FALSE,FALSE,FALSE,FALSE,FALSE,87,87,87,87,87,87,87,87,87,87,87,87,87,87,12,12,12,12,12,12,12,12,12,12,12,12,12,12
FALSE,FALSE,FALSE,FALSE,FALSE,FALSE,FALSE,FALSE,FALSE,FALSE,FALSE,FALSE,FALSE,FALSE,91,91,91,91,91,91,91,91,91,91,91,91,91,91,FALSE,83,83,83,83,83,83,83,83,83,83,83,83,83,83,FALSE,FALSE,FALSE,FALSE,FALSE,FALSE,FALSE,FALSE,FALSE,FALSE,FALSE,FALSE,FALSE,FALSE,FALSE,87,87,87,87,87,87,87,87,87,87,87,87,87,87,12,12,12,12,12,12,12,12,12,12,12,12,12,12
FALSE,FALSE,FALSE,FALSE,FALSE,FALSE,FALSE,FALSE,FALSE,FALSE,FALSE,FALSE,FALSE,FALSE,91,91,91,91,91,91,91,91,91,91,91,91,91,91,FALSE,83,83,83,83,83,83,83,83,83,83,83,83,83,83,FALSE,FALSE,FALSE,FALSE,FALSE,FALSE,FALSE,FALSE,FALSE,FALSE,FALSE,FALSE,FALSE,FALSE,FALSE,87,87,87,87,87,87,87,87,87,87,87,87,87,87,12,12,12,12,12,12,12,12,12,12,12,12,12,12
92,92,92,92,92,92,92,92,92,92,92,92,92,FALSE,91,91,91,91,91,91,91,91,91,91,91,91,91,91,FALSE,83,83,83,83,83,83,83,83,83,83,83,83,83,83,FALSE,81,81,81,81,81,81,81,81,81,81,81,81,81,81,87,87,87,87,87,87,87,87,87,87,87,87,87,87,12,12,12,12,12,12,12,12,12,12,12,12,12,12
92,92,92,92,92,92,92,92,92,92,92,92,92,FALSE,91,91,91,91,91,91,91,91,91,91,91,91,91,91,FALSE,83,83,83,83,83,83,83,83,83,83,83,83,83,83,FALSE,81,81,81,81,81,81,81,81,81,81,81,81,81,81,87,87,87,87,87,87,87,87,87,87,87,87,87,87,12,12,12,12,12,12,12,12,12,12,12,12,12,12
92,92,92,92,92,92,92,92,92,92,92,92,92,FALSE,91,91,91,91,91,91,91,91,91,91,91,91,91,91,FALSE,83,83,83,83,83,83,83,83,83,83,83,83,83,83,FALSE,81,81,81,81,81,81,81,81,81,81,81,81,81,81,87,87,87,87,87,87,87,87,87,87,87,87,87,87,12,12,12,12,12,12,12,12,12,12,12,12,12,12
92,92,92,92,92,92,92,92,92,92,92,92,92,FALSE,91,91,91,91,91,91,91,91,91,91,91,91,91,91,FALSE,83,83,83,83,83,83,83,83,83,83,83,83,83,83,FALSE,81,81,81,81,81,81,81,81,81,81,81,81,81,81,87,87,87,87,87,87,87,87,87,87,87,87,87,87,FALSE,FALSE,FALSE,FALSE,FALSE,FALSE,FALSE,FALSE,FALSE,FALSE,FALSE,FALSE,FALSE,FALSE
92,92,92,92,92,92,92,92,92,92,92,92,92,FALSE,91,91,91,91,91,91,91,91,91,91,91,91,91,91,FALSE,83,83,83,83,83,83,83,83,83,83,83,83,83,83,FALSE,81,81,81,81,81,81,81,81,81,81,81,81,81,81,87,87,87,87,87,87,87,87,87,87,87,87,87,87,FALSE,FALSE,FALSE,FALSE,FALSE,FALSE,FALSE,FALSE,FALSE,FALSE,FALSE,FALSE,FALSE,FALSE
92,92,92,92,92,92,92,92,92,92,92,92,92,FALSE,91,91,91,91,91,91,91,91,91,91,91,91,91,91,FALSE,83,83,83,83,83,83,83,83,83,83,83,83,83,83,FALSE,81,81,81,81,81,81,81,81,81,81,81,81,81,81,87,87,87,87,87,87,87,87,87,87,87,87,87,87,FALSE,FALSE,FALSE,FALSE,FALSE,FALSE,FALSE,FALSE,FALSE,FALSE,FALSE,FALSE,FALSE,FALSE
92,92,92,92,92,92,92,92,92,92,92,92,92,FALSE,91,91,91,91,91,91,91,91,91,91,91,91,91,91,FALSE,83,83,83,83,83,83,83,83,83,83,83,83,83,83,FALSE,81,81,81,81,81,81,81,81,81,81,81,81,81,81,87,87,87,87,87,87,87,87,87,87,87,87,87,87,FALSE,FALSE,FALSE,FALSE,FALSE,FALSE,FALSE,FALSE,FALSE,FALSE,FALSE,FALSE,FALSE,FALSE
92,92,92,92,92,92,92,92,92,92,92,92,92,FALSE,91,91,91,91,91,91,91,91,91,91,91,91,91,91,FALSE,83,83,83,83,83,83,83,83,83,83,83,83,83,83,FALSE,81,81,81,81,81,81,81,81,81,81,81,81,81,81,87,87,87,87,87,87,87,87,87,87,87,87,87,87,FALSE,FALSE,FALSE,FALSE,FALSE,FALSE,FALSE,FALSE,FALSE,FALSE,FALSE,FALSE,FALSE,FALSE
92,92,92,92,92,92,92,92,92,92,92,92,92,FALSE,91,91,91,91,91,91,91,91,91,91,91,91,91,91,FALSE,83,83,83,83,83,83,83,83,83,83,83,83,83,83,FALSE,81,81,81,81,81,81,81,81,81,81,81,81,81,81,87,87,87,87,87,87,87,87,87,87,87,87,87,87,FALSE,FALSE,FALSE,FALSE,FALSE,FALSE,FALSE,FALSE,FALSE,FALSE,FALSE,FALSE,FALSE,FALSE
92,92,92,92,92,92,92,92,92,92,92,92,92,FALSE,91,91,91,91,91,91,91,91,91,91,91,91,91,91,FALSE,83,83,83,83,83,83,83,83,83,83,83,83,83,83,FALSE,81,81,81,81,81,81,81,81,81,81,81,81,81,81,87,87,87,87,87,87,87,87,87,87,87,87,87,87,FALSE,FALSE,FALSE,FALSE,FALSE,FALSE,FALSE,FALSE,FALSE,FALSE,FALSE,FALSE,FALSE,FALSE
92,92,92,92,92,92,92,92,92,92,92,92,92,FALSE,91,91,91,91,91,91,91,91,91,91,91,91,91,91,FALSE,83,83,83,83,83,83,83,83,83,83,83,83,83,83,FALSE,81,81,81,81,81,81,81,81,81,81,81,81,81,81,87,87,87,87,87,87,87,87,87,87,87,87,87,87,FALSE,FALSE,FALSE,FALSE,FALSE,FALSE,FALSE,FALSE,FALSE,FALSE,FALSE,FALSE,FALSE,FALSE
92,92,92,92,92,92,92,92,92,92,92,92,92,FALSE,91,91,91,91,91,91,91,91,91,91,91,91,91,91,FALSE,83,83,83,83,83,83,83,83,83,83,83,83,83,83,FALSE,81,81,81,81,81,81,81,81,81,81,81,81,81,81,87,87,87,87,87,87,87,87,87,87,87,87,87,87,73,73,73,73,73,73,73,73,73,73,73,73,73,73
92,92,92,92,92,92,92,92,92,92,92,92,92,FALSE,91,91,91,91,91,91,91,91,91,91,91,91,91,91,FALSE,83,83,83,83,83,83,83,83,83,83,83,83,83,83,FALSE,81,81,81,81,81,81,81,81,81,81,81,81,81,81,87,87,87,87,87,87,87,87,87,87,87,87,87,87,73,73,73,73,73,73,73,73,73,73,73,73,73,73
92,92,92,92,92,92,92,92,92,92,92,92,92,FALSE,91,91,91,91,91,91,91,91,91,91,91,91,91,91,FALSE,83,83,83,83,83,83,83,83,83,83,83,83,83,83,FALSE,81,81,81,81,81,81,81,81,81,81,81,81,81,81,87,87,87,87,87,87,87,87,87,87,87,87,87,87,73,73,73,73,73,73,73,73,73,73,73,73,73,73
92,92,92,92,92,92,92,92,92,92,92,92,92,FALSE,91,91,91,91,91,91,91,91,91,91,91,91,91,91,FALSE,83,83,83,83,83,83,83,83,83,83,83,83,83,83,FALSE,81,81,81,81,81,81,81,81,81,81,81,81,81,81,87,87,87,87,87,87,87,87,87,87,87,87,87,87,73,73,73,73,73,73,73,73,73,73,73,73,73,73
92,92,92,92,92,92,92,92,92,92,92,92,92,FALSE,91,91,91,91,91,91,91,91,91,91,91,91,91,91,FALSE,83,83,83,83,83,83,83,83,83,83,83,83,83,83,FALSE,81,81,81,81,81,81,81,81,81,81,81,81,81,81,87,87,87,87,87,87,87,87,87,87,87,87,87,87,73,73,73,73,73,73,73,73,73,73,73,73,73,73
92,92,92,92,92,92,92,92,92,92,92,92,92,FALSE,91,91,91,91,91,91,91,91,91,91,91,91,91,91,FALSE,83,83,83,83,83,83,83,83,83,83,83,83,83,83,FALSE,81,81,81,81,81,81,81,81,81,81,81,81,81,81,87,87,87,87,87,87,87,87,87,87,87,87,87,87,73,73,73,73,73,73,73,73,73,73,73,73,73,73
92,92,92,92,92,92,92,92,92,92,92,92,92,FALSE,91,91,91,91,91,91,91,91,91,91,91,91,91,91,FALSE,83,83,83,83,83,83,83,83,83,83,83,83,83,83,FALSE,81,81,81,81,81,81,81,81,81,81,81,81,81,81,87,87,87,87,87,87,87,87,87,87,87,87,87,87,73,73,73,73,73,73,73,73,73,73,73,73,73,73
92,92,92,92,92,92,92,92,92,92,92,92,92,FALSE,91,91,91,91,91,91,91,91,91,91,91,91,91,91,FALSE,83,83,83,83,83,83,83,83,83,83,83,83,83,83,FALSE,81,81,81,81,81,81,81,81,81,81,81,81,81,81,87,87,87,87,87,87,87,87,87,87,87,87,87,87,73,73,73,73,73,73,73,73,73,73,73,73,73,73
92,92,92,92,92,92,92,92,92,92,92,92,92,FALSE,91,91,91,91,91,91,91,91,91,91,91,91,91,91,FALSE,83,83,83,83,83,83,83,83,83,83,83,83,83,83,FALSE,81,81,81,81,81,81,81,81,81,81,81,81,81,81,87,87,87,87,87,87,87,87,87,87,87,87,87,87,73,73,73,73,73,73,73,73,73,73,73,73,73,73
